Date,Mkt-RF,SMB,HML,RF
20140124,-2.18,-0.37,0.18,0
20140127,-0.65,-0.84,0.39,0
20140128,0.73,0.18,0.03,0
20140129,-1.07,-0.39,0.23,0
20140130,1.22,0.29,-0.38,0
20140131,-0.66,-0.07,-0.32,0
20140203,-2.48,-0.86,0.29,0
20140204,0.77,-0.02,-0.05,0
20140205,-0.23,-0.62,0.2,0
20140206,1.22,-0.47,0.28,0
20140207,1.33,-0.17,-0.65,0
20140210,0.16,0.13,-0.47,0
20140211,1.09,-0.19,0.24,0
20140212,0.11,0.25,-0.05,0
20140213,0.72,0.71,-0.08,0
20140214,0.42,-0.37,0.37,0
20140218,0.27,0.97,-0.26,0
20140219,-0.73,-0.28,-0.44,0
20140220,0.71,0.57,-0.21,0
20140221,-0.09,0.34,-0.03,0
20140224,0.65,0.18,0.33,0
20140225,-0.1,0.14,-0.6,0
20140226,0.13,0.68,-0.08,0
20140227,0.54,0.14,0,0
20140228,0.15,-0.73,0.84,0
20140303,-0.7,0.1,0.14,0
20140304,1.67,1.11,-0.13,0
20140305,0.01,-0.26,0.28,0
20140306,0.16,-0.32,0.77,0
20140307,0.04,-0.12,0.52,0
20140310,-0.09,-0.1,0.08,0
20140311,-0.62,-0.53,-0.19,0
20140312,0.13,0.3,-0.17,0
20140313,-1.21,-0.12,0.22,0
20140314,-0.16,0.68,-0.1,0
20140317,0.9,-0.37,0.02,0
20140318,0.82,0.74,-0.39,0
20140319,-0.59,-0.17,0.62,0
20140320,0.52,-0.48,0.99,0
20140321,-0.37,-0.28,0.87,0
20140324,-0.64,-0.9,0.92,0
20140325,0.29,-0.35,0.14,0
20140326,-0.89,-1.17,0.26,0
20140327,-0.18,-0.1,-0.34,0
20140328,0.41,-0.44,0.54,0
20140331,0.96,1,-0.18,0
20140401,0.87,0.74,-0.37,0
20140402,0.3,0.03,0.15,0
20140403,-0.31,-0.9,0.81,0
20140404,-1.47,-1.13,0.7,0
20140407,-1.25,-0.29,-0.05,0
20140408,0.49,0.29,-0.22,0
20140409,1.21,0.33,-0.86,0
20140410,-2.24,-0.71,0.79,0
20140411,-1.07,-0.39,0.24,0
20140414,0.71,-0.51,0.2,0
20140415,0.6,-0.37,0.19,0
20140416,1.12,0.06,-0.37,0
20140417,0.23,0.35,0.23,0
20140421,0.38,0.2,-0.43,0
20140422,0.57,0.73,-0.35,0
20140423,-0.31,-0.64,0.91,0
20140424,0.08,-0.4,-0.16,0
20140425,-1.04,-0.97,0.55,0
20140428,0.12,-0.64,-0.58,0
20140429,0.57,-0.21,-0.13,0
20140430,0.35,0.23,-0.05,0
20140501,0.04,-0.15,-0.17,0
20140502,-0.08,0.21,0.41,0
20140505,0.13,-0.28,-0.55,0
20140506,-1.03,-0.56,0.14,0
20140507,0.45,-0.82,1.11,0
20140508,-0.26,-1.01,0.38,0
20140509,0.25,0.7,-0.36,0
20140512,1.2,1.41,-0.27,0
20140513,-0.05,-1.07,0.22,0
20140514,-0.6,-1.1,-0.46,0
20140515,-0.9,0.34,-0.28,0
20140516,0.36,0.27,-0.43,0
20140519,0.5,0.61,0.06,0
20140520,-0.78,-0.83,0.23,0
20140521,0.81,-0.28,0.1,0
20140522,0.36,0.64,-0.27,0
20140523,0.49,0.62,-0.22,0
20140527,0.69,0.69,-0.14,0
20140528,-0.12,-0.29,0.22,0
20140529,0.54,-0.19,-0.11,0
20140530,0.06,-0.66,0.26,0
20140602,0.06,-0.69,0.37,0
20140603,-0.05,-0.27,0.2,0
20140604,0.28,0.22,-0.07,0
20140605,0.77,1.3,-0.17,0
20140606,0.54,0.48,-0.02,0
20140609,0.22,1.04,-0.31,0
20140610,-0.03,-0.18,-0.03,0
20140611,-0.34,-0.13,-0.25,0
20140612,-0.69,0.11,0.16,0
20140613,0.31,-0.05,-0.18,0
20140616,0.13,0.47,-0.69,0
20140617,0.34,0.53,0.45,0
20140618,0.74,-0.28,-0.1,0
20140619,0.12,-0.15,-0.03,0
20140620,0.18,0.17,0.04,0
20140623,-0.02,-0.26,0.09,0
20140624,-0.72,-0.35,-0.25,0
20140625,0.53,0.35,0.15,0
20140626,-0.11,-0.09,0,0
20140627,0.25,0.49,-0.22,0
20140630,0.07,0.27,0.17,0
20140701,0.74,0.49,-0.38,0
20140702,-0.03,-0.45,-0.2,0
20140703,0.59,0.21,0.12,0
20140707,-0.62,-1.27,0.33,0
20140708,-0.82,-0.68,0.73,0
20140709,0.46,-0.38,-0.12,0
20140710,-0.49,-0.6,-0.02,0
20140711,0.12,-0.22,-0.36,0
20140714,0.46,0.01,-0.15,0
20140715,-0.32,-0.95,1,0
20140716,0.33,-0.61,0.35,0
20140717,-1.21,-0.39,0.18,0
20140718,1.12,0.51,-0.45,0
20140721,-0.25,-0.24,0.04,0
20140722,0.53,0.28,-0.33,0
20140723,0.19,0.16,-0.78,0
20140724,0.05,-0.31,0.03,0
20140725,-0.53,-0.39,0.16,0
20140728,-0.08,-0.47,0.27,0
20140729,-0.33,0.71,-0.66,0
20140730,0.12,0.46,-0.36,0
20140731,-2.03,-0.2,0.48,0
20140801,-0.32,-0.19,-0.03,0
20140804,0.74,0.01,-0.22,0
20140805,-0.84,0.79,-0.18,0
20140806,0.02,0.41,0.11,0
20140807,-0.52,-0.03,-0.15,0
20140808,1.13,-0.21,-0.17,0
20140811,0.4,0.59,-0.26,0
20140812,-0.23,-0.6,0.26,0
20140813,0.7,-0.09,-0.24,0
20140814,0.44,-0.23,0.01,0
20140815,0,-0.14,-0.14,0
20140818,0.93,0.6,-0.18,0
20140819,0.49,-0.12,-0.09,0
20140820,0.19,-0.66,0.29,0
20140821,0.28,-0.15,0.81,0
20140822,-0.1,0.32,-0.38,0
20140825,0.49,-0.23,0.01,0
20140826,0.19,0.72,-0.32,0
20140827,0,-0.22,0.15,0
20140828,-0.19,-0.43,0.08,0
20140829,0.39,0.27,0.09,0
20140902,0.05,0.47,-0.09,0
20140903,-0.14,-0.56,0.24,0
20140904,-0.18,-0.13,-0.17,0
20140905,0.45,-0.27,-0.02,0
20140908,-0.22,0.54,-0.46,0
20140909,-0.72,-0.43,0.02,0
20140910,0.45,0.23,-0.4,0
20140911,0.19,0.49,0.22,0
20140912,-0.55,-0.22,0.13,0
20140915,-0.28,-1.06,0.63,0
20140916,0.7,-0.4,-0.1,0
20140917,0.17,0.09,-0.24,0
20140918,0.5,0.03,0.01,0
20140919,-0.18,-0.97,0.03,0
20140922,-0.97,-0.56,0.1,0
20140923,-0.62,-0.29,-0.06,0
20140924,0.81,0.11,-0.93,0
20140925,-1.63,0.08,0.12,0
20140926,0.85,-0.02,-0.25,0
20140929,-0.22,0.18,-0.44,0
20140930,-0.4,-0.99,0.11,0
20141001,-1.39,-0.17,0.3,0
20141002,0.16,1.03,-0.39,0
20141003,1.08,-0.38,-0.45,0
20141006,-0.26,-0.78,0.36,0
20141007,-1.56,-0.14,0.15,0
20141008,1.7,0.03,-0.06,0
20141009,-2.17,-0.42,-0.4,0
20141010,-1.29,-0.17,0.51,0
20141013,-1.59,1.34,0.49,0
20141014,0.27,0.87,-0.12,0
20141015,-0.54,1.85,-1.33,0
20141016,0.22,1.05,0.24,0
20141017,1.13,-1.57,-0.1,0
20141020,0.94,0.2,-0.31,0
20141021,1.98,-0.43,0.07,0
20141022,-0.85,-0.57,0.17,0
20141023,1.29,0.52,-0.44,0
20141024,0.65,-0.47,-0.13,0
20141027,-0.17,0.12,-0.3,0
20141028,1.37,1.58,0.05,0
20141029,-0.17,-0.06,0.44,0
20141030,0.6,0.27,-0.52,0
20141031,1.23,0.28,0.2,0
20141103,-0.01,-0.27,-0.05,0
20141104,-0.34,0,-0.25,0
20141105,0.48,-0.57,0.85,0
20141106,0.49,0.11,-0.49,0
20141107,0.08,0.01,0.48,0
20141110,0.33,0.2,-0.5,0
20141111,0.1,0.03,-0.27,0
20141112,0.07,0.76,-0.27,0
20141113,-0.03,-0.9,-0.36,0
20141114,0.06,-0.16,0.18,0
20141117,-0.05,-0.98,0.23,0
20141118,0.51,0.03,-0.34,0
20141119,-0.21,-0.94,-0.04,0
20141120,0.31,0.89,0,0
20141121,0.48,-0.4,-0.05,0
20141124,0.4,0.96,-0.53,0
20141125,-0.08,0.04,-0.02,0
20141126,0.29,0.09,-0.49,0
20141128,-0.34,-0.89,-1.16,0
20141201,-0.9,-0.99,0.61,0
20141202,0.65,0.41,0.08,0
20141203,0.46,0.43,0.3,0
20141204,-0.17,-0.31,0.07,0
20141205,0.25,0.58,0.23,0
20141208,-0.82,-0.55,0.18,0
20141209,0.13,1.73,-0.12,0
20141210,-1.72,-0.63,-0.13,0
20141211,0.5,-0.09,-0.17,0
20141212,-1.55,0.51,-0.59,0
20141215,-0.68,-0.27,0.07,0
20141216,-0.8,0.61,0.6,0
20141217,2.15,0.86,-0.08,0
20141218,2.36,-0.86,-0.19,0
20141219,0.43,-0.24,0.24,0
20141222,0.37,0.2,-0.1,0
20141223,0.21,-0.3,1.1,0
20141224,0.06,0.36,-0.18,0
20141226,0.38,0.37,-0.3,0
20141229,0.13,0.16,0.57,0
20141230,-0.48,0.06,0.32,0
20141231,-0.93,0.5,-0.45,0
20150102,-0.12,-0.59,0.12,0
20150105,-1.84,0.33,-0.67,0
20150106,-1.03,-0.79,-0.29,0
20150107,1.19,0.2,-0.67,0
20150108,1.81,-0.11,-0.29,0
20150109,-0.85,0,-0.47,0
20150112,-0.78,0.4,-0.44,0
20150113,-0.19,0.27,0.01,0
20150114,-0.6,0.29,-0.5,0
20150115,-1.08,-1,0.61,0
20150116,1.36,0.47,-0.13,0
20150120,0.11,-0.66,-0.54,0
20150121,0.42,-0.97,0.59,0
20150122,1.58,0.45,0.42,0
20150123,-0.47,0.5,-0.76,0
20150126,0.42,0.59,-0.05,0
20150127,-1.22,0.65,0.2,0
20150128,-1.39,-0.06,-0.81,0
20150129,0.98,0.26,0.04,0
20150130,-1.31,-0.79,0.05,0
20150202,1.24,-0.46,1,0
20150203,1.49,0.15,0.5,0
20150204,-0.35,-0.08,-0.21,0
20150205,1.1,0.46,-0.07,0
20150206,-0.2,0.09,0.34,0
20150209,-0.46,-0.36,0.11,0
20150210,1.05,-0.3,-0.73,0
20150211,0.03,-0.08,-0.34,0
20150212,1,0.16,-0.05,0
20150213,0.47,0.17,-0.3,0
20150217,0.16,-0.04,-0.03,0
20150218,0.03,0.32,-0.83,0
20150219,-0.01,0.28,-0.38,0
20150220,0.61,-0.4,-0.27,0
20150223,-0.08,0.04,-0.37,0
20150224,0.32,-0.04,0.71,0
20150225,0.01,0.23,-0.48,0
20150226,-0.08,0.66,-0.5,0
20150227,-0.36,-0.22,0.22,0
20150302,0.62,0.23,-0.46,0
20150303,-0.43,-0.31,0.32,0
20150304,-0.41,0.12,-0.37,0
20150305,0.15,0.27,-0.43,0
20150306,-1.29,0.29,0.41,0
20150309,0.37,0.09,0,0
20150310,-1.63,0.44,-0.53,0
20150311,-0.03,0.54,0.51,0
20150312,1.28,0.4,0.45,0
20150313,-0.58,0.21,-0.02,0
20150316,1.24,-0.77,-0.38,0
20150317,-0.19,0.53,-0.01,0
20150318,1.09,-0.53,0.02,0
20150319,-0.36,0.89,-1.11,0
20150320,0.81,-0.16,0.56,0
20150323,-0.19,0.2,0.24,0
20150324,-0.51,0.61,-0.26,0
20150325,-1.56,-1.01,1.03,0
20150326,-0.22,0.12,-0.04,0
20150327,0.32,0.51,-0.72,0
20150330,1.24,0.01,0.01,0
20150331,-0.75,0.4,0.39,0
20150401,-0.38,0.35,0.42,0
20150402,0.35,-0.09,0.28,0
20150406,0.61,-0.29,-0.08,0
20150407,-0.22,-0.19,-0.19,0
20150408,0.37,0.56,-0.74,0
20150409,0.41,-0.7,-0.08,0
20150410,0.49,-0.08,-0.27,0
20150413,-0.38,0.51,0.24,0
20150414,0.1,-0.21,0.22,0
20150415,0.57,0.25,0.36,0
20150416,-0.08,-0.09,-0.2,0
20150417,-1.23,-0.47,0.17,0
20150420,0.95,0.17,-0.28,0
20150421,-0.1,0.18,-0.73,0
20150422,0.46,-0.37,0.18,0
20150423,0.29,0.27,-0.25,0
20150424,0.17,-0.49,-0.3,0
20150427,-0.53,-0.7,0.56,0
20150428,0.27,0.18,1.06,0
20150429,-0.39,-0.74,0.72,0
20150430,-1.11,-1.06,0.71,0
20150501,1.01,-0.3,-0.61,0
20150504,0.32,0.04,0.22,0
20150505,-1.19,-0.16,0.52,0
20150506,-0.31,0.64,-0.12,0
20150507,0.39,0.08,-0.37,0
20150508,1.21,-0.56,-0.11,0
20150511,-0.39,0.69,-0.05,0
20150512,-0.26,-0.01,0.14,0
20150513,0.01,-0.02,0.04,0
20150514,1.01,-0.09,-0.34,0
20150515,0.05,-0.25,-0.2,0
20150518,0.44,0.75,-0.11,0
20150519,-0.09,-0.12,0.23,0
20150520,-0.05,0.21,-0.1,0
20150521,0.23,-0.28,0.02,0
20150522,-0.22,-0.1,-0.13,0
20150526,-1.01,-0.02,-0.02,0
20150527,0.93,0.35,-0.32,0
20150528,-0.11,0.09,0.15,0
20150529,-0.58,0.01,0.05,0
20150601,0.17,-0.03,-0.23,0
20150602,-0.02,0.32,0.35,0
20150603,0.39,0.89,-0.26,0
20150604,-0.88,-0.1,0,0
20150605,0.06,0.82,0.09,0
20150608,-0.66,0.03,0.01,0
20150609,0.02,-0.31,0.37,0
20150610,1.19,0.15,0.21,0
20150611,0.21,-0.1,-0.1,0
20150612,-0.63,0.33,0.12,0
20150615,-0.45,0.12,-0.14,0
20150616,0.57,0.11,-0.01,0
20150617,0.16,-0.28,-0.66,0
20150618,0.99,0.22,-0.44,0
20150619,-0.43,0.56,-0.21,0
20150622,0.63,0.09,-0.06,0
20150623,0.12,0.25,0.29,0
20150624,-0.79,-0.12,0.13,0
20150625,-0.25,0.36,-0.21,0
20150626,-0.06,-0.22,0.41,0
20150629,-2.14,-0.44,0.17,0
20150630,0.33,0.32,-0.66,0
20150701,0.61,-0.76,-0.04,0
20150702,-0.11,-0.57,-0.1,0
20150706,-0.37,0.19,-0.56,0
20150707,0.53,-0.46,-0.28,0
20150708,-1.68,0,0.09,0
20150709,0.29,0.14,0.02,0
20150710,1.23,0.23,-0.52,0
20150713,1.14,-0.08,-0.43,0
20150714,0.48,0.17,0.1,0
20150715,-0.18,-0.79,-0.06,0
20150716,0.77,-0.16,-0.64,0
20150717,0.05,-0.59,-0.65,0
20150720,-0.01,-0.71,-0.61,0
20150721,-0.46,0.01,0.3,0
20150722,-0.17,0.19,0.23,0
20150723,-0.58,-0.39,-0.31,0
20150724,-1.09,-0.62,0.04,0
20150727,-0.74,-0.25,0.05,0
20150728,1.23,-0.37,-0.14,0
20150729,0.75,-0.39,0.53,0
20150730,0.1,0.15,-0.27,0
20150731,-0.15,0.85,-1.01,0
20150803,-0.34,-0.33,-0.2,0
20150804,-0.14,0.03,-0.13,0
20150805,0.36,-0.02,-0.4,0
20150806,-0.88,-0.53,1.93,0
20150807,-0.36,-0.48,-0.3,0
20150810,1.31,0.14,0.7,0
20150811,-0.98,-0.09,0.42,0
20150812,0.07,-0.1,-0.32,0
20150813,-0.14,-0.47,0.08,0
20150814,0.43,0.15,0.44,0
20150817,0.6,0.44,-0.86,0
20150818,-0.35,-0.63,0.37,0
20150819,-0.85,-0.12,-0.22,0
20150820,-2.24,-0.27,0.55,0
20150821,-2.95,1.86,0.14,0
20150824,-3.91,0.34,-0.43,0
20150825,-1.16,0.71,-0.6,0
20150826,3.68,-1.36,-0.33,0
20150827,2.4,-0.72,0.61,0
20150828,0.23,0.99,0.08,0
20150831,-0.74,0.77,1.42,0
20150901,-2.91,0.31,-0.5,0
20150902,1.82,-0.14,-0.92,0
20150903,0.17,-0.34,0.74,0
20150904,-1.39,0.91,-0.57,0
20150908,2.52,-0.34,-0.58,0
20150909,-1.34,0.15,0.15,0
20150910,0.49,-0.11,-0.36,0
20150911,0.44,-0.19,-0.69,0
20150914,-0.41,0.02,0.04,0
20150915,1.22,-0.2,0.27,0
20150916,0.85,0.01,0.43,0
20150917,-0.17,0.92,-1.49,0
20150918,-1.62,0.5,-0.96,0
20150921,0.36,-0.96,1.24,0
20150922,-1.29,-0.28,0.13,0
20150923,-0.27,-0.16,-0.15,0
20150924,-0.36,0.27,0.52,0
20150925,-0.22,-1.68,1.87,0
20150928,-2.63,-0.31,1.16,0
20150929,-0.06,-0.74,0.7,0
20150930,1.88,-0.43,-0.44,0
20151001,0.13,-0.45,-0.06,0
20151002,1.48,0.32,-0.84,0
20151005,1.93,0.62,0.77,0
20151006,-0.43,-0.24,1.64,0
20151007,0.94,0.77,-0.24,0
20151008,0.85,0.23,0.74,0
20151009,0.12,0.22,-1.08,0
20151012,0.06,-0.38,-0.08,0
20151013,-0.73,-0.74,0.66,0
20151014,-0.6,-0.29,-0.07,0
20151015,1.56,0.67,-0.09,0
20151016,0.35,-0.46,-0.32,0
20151019,0,0.16,-0.68,0
20151020,-0.15,0.01,1.22,0
20151021,-0.73,-0.88,-0.2,0
20151022,1.5,-0.79,0.32,0
20151023,1.09,-0.01,-0.56,0
20151026,-0.2,-0.34,-0.72,0
20151027,-0.42,-0.87,-0.93,0
20151028,1.43,1.42,0.68,0
20151029,-0.2,-0.81,-0.06,0
20151030,-0.42,0.2,-0.57,0
20151102,1.25,0.85,-0.02,0
20151103,0.33,0.4,0.24,0
20151104,-0.25,0.33,-0.32,0
20151105,-0.07,0.02,0.49,0
20151106,0.14,0.87,0.33,0
20151109,-0.95,-0.24,-0.04,0
20151110,0.13,0,0.22,0
20151111,-0.43,-0.5,-0.18,0
20151112,-1.45,-0.52,-0.41,0
20151113,-1.06,0.32,0.36,0
20151116,1.39,-0.6,0.48,0
20151117,-0.11,-0.12,-0.64,0
20151118,1.61,-0.02,-0.08,0
20151119,-0.13,-0.25,-0.17,0
20151120,0.35,0.43,-0.39,0
20151123,-0.01,0.65,-0.35,0
20151124,0.21,0.69,0.25,0
20151125,0.07,0.88,-0.54,0
20151127,0.09,0.24,-0.29,0
20151130,-0.48,0.12,0.67,0
20151201,0.97,-0.66,0.25,0
20151202,-1.01,0.25,-0.7,0
20151203,-1.5,-0.2,0.4,0
20151204,1.87,-1.02,-0.48,0
20151207,-0.83,-0.88,-0.68,0
20151208,-0.58,0.47,-1.19,0
20151209,-0.83,-0.35,0.39,0
20151210,0.3,0.11,-0.23,0
20151211,-2.02,-0.23,-0.06,0
20151214,0.29,-1.03,-0.17,0
20151215,1.1,0.05,0.79,0
20151216,1.47,0.02,-0.68,0
20151217,-1.46,0.4,-0.36,0
20151218,-1.69,0.75,-0.37,0
20151221,0.74,-0.18,-0.07,0
20151222,0.89,-0.07,0.51,0
20151223,1.29,0.12,0.57,0
20151224,-0.11,0.29,-0.02,0
20151228,-0.28,-0.47,-0.36,0
20151229,1.05,0.09,-0.27,0
20151230,-0.74,-0.17,-0.15,0
20151231,-0.92,-0.24,0.23,0
20160104,-1.59,-0.87,0.52,0
20160105,0.13,-0.18,0,0
20160106,-1.34,-0.13,0.01,0
20160107,-2.44,-0.29,0.08,0
20160108,-1.11,-0.49,-0.03,0
20160111,-0.06,-0.64,0.4,0
20160112,0.72,-0.42,-0.78,0
20160113,-2.66,-0.73,0.8,0
20160114,1.65,0.02,-0.41,0
20160115,-2.13,0.4,-0.22,0
20160119,-0.19,-1.33,-0.07,0
20160120,-0.94,1.87,-1.26,0
20160121,0.45,-0.52,-0.01,0
20160122,2.08,0.21,-0.19,0
20160125,-1.7,-0.39,-0.98,0
20160126,1.52,0.41,1.18,0
20160127,-1.11,-0.56,1.7,0
20160128,0.49,-0.46,1.26,0
20160129,2.57,0.48,0.42,0
20160201,-0.04,-0.19,-1,0
20160202,-2,-0.03,-0.36,0
20160203,0.46,-0.33,0.45,0
20160204,0.27,0.11,0.35,0
20160205,-2.06,-1.06,1.63,0
20160208,-1.51,-0.01,0.82,0
20160209,-0.08,-0.47,-0.29,0
20160210,0.01,-0.05,-0.55,0
20160211,-1.17,0.51,-1.47,0
20160212,1.98,-0.52,1.08,0
20160216,1.78,0.52,-0.52,0
20160217,1.74,-0.06,-0.65,0
20160218,-0.51,0,0.22,0
20160219,0.06,0.42,-0.58,0
20160222,1.43,-0.27,0.26,0
20160223,-1.21,0.47,-0.5,0
20160224,0.54,0.7,-0.29,0
20160225,1.1,-0.43,0.22,0
20160226,-0.02,0.8,0.29,0
20160229,-0.69,0.65,0.25,0
20160301,2.34,-0.66,0.39,0
20160302,0.54,0.52,0.68,0
20160303,0.5,0.46,0.65,0
20160304,0.37,0.29,0.28,0
20160307,0.21,1.2,0.55,0
20160308,-1.27,-1.17,-0.47,0
20160309,0.5,0.01,0.4,0
20160310,-0.1,-0.86,0.62,0
20160311,1.69,0.28,0.23,0
20160314,-0.12,-0.08,-0.9,0
20160315,-0.35,-1.49,0.69,0
20160316,0.63,0.1,-0.09,0
20160317,0.71,0.83,0.59,0
20160318,0.54,0.37,-0.14,0
20160321,0.1,-0.22,-0.32,0
20160322,-0.05,-0.01,-0.45,0
20160323,-0.85,-1.17,-0.16,0
20160324,0,0.48,-0.06,0
20160328,0.04,-0.03,0.16,0
20160329,1.07,1.8,-1.19,0
20160330,0.41,-0.3,0.16,0
20160331,-0.11,0.45,-0.49,0
20160401,0.64,-0.25,-0.63,0
20160404,-0.41,-0.2,-0.78,0
20160405,-0.94,-0.08,-0.38,0
20160406,1.14,0.22,-0.76,0
20160407,-1.23,-0.05,-0.38,0
20160408,0.29,0.02,0.68,0
20160411,-0.28,-0.13,0.95,0
20160412,0.99,-0.07,0.87,0
20160413,1.23,0.86,0.38,0
20160414,0.03,-0.26,0.14,0
20160415,-0.04,0.34,-0.34,0
20160418,0.65,0.11,-0.19,0
20160419,0.28,-0.37,1.48,0
20160420,0.15,-0.11,0.58,0
20160421,-0.48,0.1,-0.6,0
20160422,0.12,0.82,0.51,0
20160425,-0.24,-0.58,-0.18,0
20160426,0.29,0.66,0.81,0
20160427,0.21,0.05,0.7,0
20160428,-0.96,-0.13,-0.02,0
20160429,-0.5,-0.15,0.36,0
20160502,0.78,0.03,-0.38,0
20160503,-1.05,-0.66,-0.45,0
20160504,-0.66,-0.14,0.05,0
20160505,-0.08,-0.5,0.06,0
20160506,0.38,0.03,0.24,0
20160509,0.05,0.39,-1.46,0
20160510,1.26,-0.4,0.5,0
20160511,-0.89,-0.35,0.79,0
20160512,-0.11,-0.62,0.14,0
20160513,-0.82,0.39,-0.67,0
20160516,0.99,0.28,-0.23,0
20160517,-0.95,-0.8,0.61,0
20160518,0.1,0.13,0.89,0
20160519,-0.32,-0.35,-0.26,0
20160520,0.75,0.9,-0.26,0
20160523,-0.19,0.25,-0.32,0
20160524,1.43,0.71,-0.35,0
20160525,0.71,-0.21,0.56,0
20160526,-0.04,-0.08,-0.53,0
20160527,0.48,0.35,-0.17,0
20160531,-0.01,0.52,-0.37,0
20160601,0.2,0.65,-0.21,0
20160602,0.35,0.33,-0.58,0
20160603,-0.38,-0.16,-0.07,0
20160606,0.6,0.67,0.31,0
20160607,0.12,0.16,0.1,0
20160608,0.37,0.45,-0.09,0
20160609,-0.27,-0.4,-0.24,0
20160610,-1.05,-0.35,-0.18,0
20160613,-0.84,-0.35,0.12,0
20160614,-0.19,0.26,-0.72,0
20160615,-0.11,0.23,-0.03,0
20160616,0.24,-0.35,-0.44,0
20160617,-0.3,-0.11,0.95,0
20160620,0.71,0.62,0.01,0
20160621,0.21,-0.64,0.51,0
20160622,-0.2,-0.32,0.07,0
20160623,1.45,0.51,0.47,0
20160624,-3.69,0.17,-1.21,0
20160627,-2.06,-0.95,-0.72,0
20160628,1.76,-0.38,0.16,0
20160629,1.79,0.28,-0.04,0
20160630,1.42,0.35,0.42,0
20160701,0.24,0.52,-0.43,0
20160705,-0.84,-0.63,-1.38,0
20160706,0.62,0.17,-0.12,0
20160707,0.02,0.33,-0.18,0
20160708,1.59,0.91,0.33,0
20160711,0.42,0.6,0.28,0
20160712,0.75,0.62,0.98,0
20160713,-0.04,-0.51,0.48,0
20160714,0.51,-0.46,0.46,0
20160715,-0.05,0.31,0.01,0
20160718,0.24,-0.02,-0.14,0
20160719,-0.22,-0.64,0.04,0
20160720,0.48,0.44,-0.89,0
20160721,-0.38,-0.05,-0.03,0
20160722,0.48,0.26,-0.13,0
20160725,-0.27,-0.05,-0.23,0
20160726,0.13,0.58,0.54,0
20160727,-0.14,0.55,-0.43,0
20160728,0.19,-0.48,-0.33,0
20160729,0.17,-0.05,0.03,0
20160801,-0.16,0.2,-0.9,0
20160802,-0.7,-0.57,0.17,0
20160803,0.45,0.49,0.8,0
20160804,0.05,0.09,-0.38,0
20160805,0.92,0.39,1,0
20160808,-0.06,0.02,0.5,0
20160809,0.05,-0.03,-0.28,0
20160810,-0.29,-0.44,-0.18,0
20160811,0.54,0.14,0.03,0
20160812,-0.06,0.09,-0.17,0
20160815,0.38,0.75,0.39,0
20160816,-0.57,-0.27,0.58,0
20160817,0.12,-0.55,0.24,0
20160818,0.32,0.46,0.34,0
20160819,-0.11,0.1,-0.13,0
20160822,-0.02,0.25,-0.4,0
20160823,0.26,0.57,-0.01,0
20160824,-0.55,-0.48,0.37,0
20160825,-0.08,0.19,0.48,0
20160826,-0.15,0.14,-0.08,0
20160829,0.53,-0.08,0.34,0
20160830,-0.14,0.12,0.28,0
20160831,-0.24,-0.39,0.15,0
20160901,0.03,0.12,-0.51,0
20160902,0.53,0.4,0.36,0
20160906,0.27,0.09,-0.55,0
20160907,0.09,0.63,0.02,0
20160908,-0.18,-0.01,0.59,0
20160909,-2.46,-0.57,0.43,0
20160912,1.44,0.01,-0.44,0
20160913,-1.48,-0.24,-0.43,0
20160914,-0.08,0.12,-0.81,0
20160915,1.07,0.3,-0.32,0
20160916,-0.36,0.32,-0.44,0
20160919,0.05,0.43,0.15,0
20160920,-0.01,-0.24,-0.4,0
20160921,1.12,0.15,0.33,0
20160922,0.7,0.86,-0.06,0
20160923,-0.59,-0.1,-0.2,0
20160926,-0.88,-0.22,-0.36,0
20160927,0.64,-0.07,-0.49,0
20160928,0.56,0.2,1.1,0
20160929,-0.98,-0.4,0.5,0
20160930,0.88,0.38,0.34,0
20161003,-0.26,-0.02,-0.14,0
20161004,-0.45,0.03,0.14,0
20161005,0.58,0.29,0.8,0
20161006,-0.06,-0.25,0.28,0
20161007,-0.38,-0.51,0.2,0
20161010,0.52,0.56,0.05,0
20161011,-1.3,-0.59,0.43,0
20161012,0.06,-0.24,0.34,0
20161013,-0.41,-0.69,-0.62,0
20161014,0.01,-0.39,0.58,0
20161017,-0.29,-0.04,0.15,0
20161018,0.6,-0.18,0.05,0
20161019,0.24,0.05,0.93,0
20161020,-0.16,-0.03,-0.11,0
20161021,0.02,-0.14,-0.33,0
20161024,0.54,0.06,-0.19,0
20161025,-0.46,-0.59,0.24,0
20161026,-0.23,-0.84,0.71,0
20161027,-0.32,-0.96,0.56,0
20161028,-0.29,-0.1,0.09,0
20161031,0.02,0.07,0.09,0
20161101,-0.68,-0.39,0.23,0
20161102,-0.73,-0.64,0.26,0
20161103,-0.4,-0.45,1.05,0
20161104,-0.12,0.86,-0.42,0
20161107,2.24,0.18,-0.11,0
20161108,0.4,-0.08,-0.23,0
20161109,1.45,1.88,1.07,0
20161110,0.32,1.14,1.85,0
20161111,0.18,2.52,-0.02,0
20161114,0.2,0.64,1.41,0
20161115,0.8,-0.54,0.15,0
20161116,-0.12,0.3,-0.54,0
20161117,0.56,0.13,-0.15,0
20161118,-0.16,0.56,0.38,0
20161121,0.77,-0.26,0.05,0
20161122,0.31,0.56,0.53,0
20161123,0.15,0.5,0.19,0
20161125,0.4,-0.06,-0.29,0
20161128,-0.64,-0.76,0.08,0
20161129,0.12,-0.36,-0.05,0
20161130,-0.25,-0.38,2.2,0
20161201,-0.36,-0.64,2.03,0
20161202,0,0.04,-0.32,0
20161205,0.75,1.09,0.27,0
20161206,0.47,0.62,0.21,0
20161207,1.26,-0.6,0.48,0
20161208,0.36,1.16,0.6,0
20161209,0.46,-0.28,0.2,0
20161212,-0.3,-0.95,-0.14,0
20161213,0.6,-0.53,-0.25,0
20161214,-0.82,-0.38,-0.28,0
20161215,0.46,0.38,0.29,0
20161216,-0.22,0.07,-0.41,0
20161219,0.22,0.33,0.06,0
20161220,0.44,0.43,0.64,0
20161221,-0.24,-0.36,0.2,0
20161222,-0.3,-0.75,0.25,0
20161223,0.19,0.57,-0.5,0
20161227,0.27,0.22,0.13,0
20161228,-0.87,-0.27,0.08,0
20161229,-0.04,0.15,-0.33,0
20161230,-0.52,-0.11,0.21,0
20170103,0.83,-0.12,0.06,0
20170104,0.79,0.95,-0.15,0
20170105,-0.21,-0.88,-0.78,0
20170106,0.29,-0.66,-0.31,0
20170109,-0.37,-0.3,-1.03,0
20170110,0.16,0.88,0.43,0
20170111,0.31,-0.23,0.68,0
20170112,-0.3,-0.58,-0.86,0
20170113,0.29,0.61,-0.09,0
20170117,-0.49,-0.85,-0.64,0
20170118,0.24,0.18,0.23,0
20170119,-0.38,-0.5,-0.06,0
20170120,0.33,0.05,0.22,0
20170123,-0.29,-0.04,-0.33,0
20170124,0.82,0.71,0.81,0
20170125,0.84,0.17,0.43,0
20170126,-0.1,-0.62,0.4,0
20170127,-0.12,-0.01,-0.68,0
20170130,-0.68,-0.72,-0.46,0
20170131,0,0.87,-0.55,0
20170201,0.03,-0.08,0.04,0
20170202,-0.02,-0.23,-0.29,0
20170203,0.82,0.51,0.74,0
20170206,-0.27,-0.62,-0.16,0
20170207,0,-0.3,-0.51,0
20170208,0.07,-0.24,-0.59,0
20170209,0.71,0.68,0.08,0
20170210,0.37,0.39,0.17,0
20170213,0.49,-0.32,0.34,0
20170214,0.45,-0.24,0.35,0
20170215,0.53,0.18,-0.42,0
20170216,-0.16,-0.22,0,0
20170217,0.2,0,-0.54,0
20170221,0.6,-0.01,0.13,0
20170222,-0.15,-0.37,0.1,0
20170223,-0.12,-0.66,0.24,0
20170224,0.15,0.03,-0.96,0
20170227,0.21,0.83,-0.34,0
20170228,-0.42,-1.37,0.14,0
20170301,1.47,0.42,0.77,0
20170302,-0.69,-0.52,-0.9,0
20170303,0.08,-0.22,0.14,0
20170306,-0.37,-0.35,-0.08,0
20170307,-0.35,-0.29,-0.07,0
20170308,-0.19,-0.12,-0.83,0
20170309,0.05,-0.47,-0.23,0
20170310,0.34,0.09,-0.47,0
20170313,0.13,0.32,-0.08,0
20170314,-0.36,-0.23,-0.01,0
20170315,0.86,0.71,-0.46,0
20170316,-0.07,0.46,0.23,0
20170317,-0.08,0.64,-0.34,0
20170320,-0.25,-0.11,-0.71,0
20170321,-1.49,-1.33,-0.71,0
20170322,0.16,-0.3,-0.57,0
20170323,-0.03,0.69,0.49,0
20170324,-0.05,0.13,-0.2,0
20170327,-0.05,0.54,-0.49,0
20170328,0.73,-0.14,0.72,0
20170329,0.18,0.38,-0.09,0
20170330,0.36,0.34,0.92,0
20170331,-0.16,0.58,-0.32,0
20170403,-0.28,-1.11,-0.08,0
20170404,0.05,-0.23,0.31,0
20170405,-0.44,-0.79,-0.3,0
20170406,0.31,0.66,0.48,0
20170407,-0.08,0.13,-0.26,0
20170410,0.08,0.1,0.07,0
20170411,-0.05,0.8,0.23,0
20170412,-0.49,-0.84,-0.54,0
20170413,-0.75,-0.25,-0.81,0
20170417,0.89,0.24,0.24,0
20170418,-0.25,0.37,-0.19,0
20170419,-0.08,0.59,-0.44,0
20170420,0.83,0.54,0.26,0
20170421,-0.28,0.11,-0.15,0
20170424,1.18,0.16,0.5,0
20170425,0.66,0.37,-0.07,0
20170426,0.04,0.71,0.32,0
20170427,0.05,-0.13,-0.97,0
20170428,-0.3,-0.7,-0.6,0
20170501,0.21,0.25,-0.11,0
20170502,0.03,-0.46,-0.23,0
20170503,-0.19,-0.55,0.23,0
20170504,0.02,-0.07,-0.33,0
20170505,0.46,0.07,0,0
20170508,-0.04,-0.24,0.25,0
20170509,-0.05,0.49,-0.8,0
20170510,0.2,0.19,0.03,0
20170511,-0.25,-0.39,-0.16,0
20170512,-0.18,-0.3,-0.61,0
20170515,0.53,0.25,0.2,0
20170516,-0.03,0.14,-0.09,0
20170517,-1.97,-0.86,-0.6,0
20170518,0.4,0.05,-0.38,0
20170519,0.7,-0.37,0.4,0
20170522,0.56,0.28,-0.3,0
20170523,0.18,-0.1,0.64,0
20170524,0.24,-0.13,-0.46,0
20170525,0.42,-0.28,-0.74,0
20170526,0.06,-0.03,0.1,0
20170530,-0.19,-0.5,-0.35,0
20170531,-0.02,0.04,-0.53,0
20170601,0.94,1,0.04,0
20170602,0.35,0.57,-0.76,0
20170605,-0.17,-0.46,-0.04,0
20170606,-0.28,0.09,-0.03,0
20170607,0.15,-0.17,-0.04,0
20170608,0.18,1.14,0.93,0
20170609,-0.12,0.04,2.44,0
20170612,-0.12,-0.25,0.34,0
20170613,0.55,0.08,-0.14,0
20170614,-0.17,-0.47,-0.52,0
20170615,-0.3,-0.24,-0.11,0
20170616,-0.04,-0.21,-0.19,0
20170619,0.86,0.1,-0.73,0
20170620,-0.73,-0.4,-0.48,0
20170621,-0.07,-0.06,-1.67,0
20170622,0.02,0.51,-0.41,0
20170623,0.24,0.83,-0.48,0
20170626,0.04,-0.03,0.7,0
20170627,-0.85,-0.39,1.34,0
20170628,1.01,0.75,0.21,0
20170629,-0.83,-0.13,1.37,0
20170630,0.14,-0.09,-0.3,0
20170703,0.23,0.36,1.21,0
20170705,0.12,-0.68,-0.58,0
20170706,-0.95,-0.5,0.12,0
20170707,0.69,0.41,-0.41,0
20170710,0.05,-0.44,-0.07,0
20170711,0,0.36,-0.55,0
20170712,0.72,0.12,-0.52,0
20170713,0.17,-0.08,0.39,0
20170714,0.42,-0.13,-0.52,0
20170717,0,0.21,0.1,0
20170718,0.04,-0.29,-0.3,0
20170719,0.59,0.52,0.03,0
20170720,-0.01,0.06,-0.05,0
20170721,-0.08,-0.41,-0.24,0
20170724,-0.03,0.1,-0.18,0
20170725,0.38,0.36,0.96,0
20170726,-0.06,-0.35,-0.76,0
20170727,-0.14,-0.63,0.44,0
20170728,-0.17,-0.03,0.27,0
20170731,-0.11,-0.35,0.46,0
20170801,0.24,-0.19,0.14,0
20170802,-0.08,-1.17,0.15,0
20170803,-0.21,-0.34,-0.33,0
20170804,0.25,0.32,0.4,0
20170807,0.16,-0.1,-0.58,0
20170808,-0.23,-0.07,0.23,0
20170809,-0.14,-0.78,-0.08,0
20170810,-1.49,-0.3,0.26,0
20170811,0.19,0.24,-0.87,0
20170814,1.03,0.29,0.12,0
20170815,-0.11,-0.86,-0.03,0
20170816,0.18,-0.13,-0.44,0
20170817,-1.6,-0.17,-0.17,0
20170818,-0.15,0.12,0.24,0
20170821,0.06,-0.24,-0.22,0
20170822,1.07,-0.02,-0.24,0
20170823,-0.32,0.09,0.41,0
20170824,-0.15,0.59,0.16,0
20170825,0.18,0.12,0.56,0
20170828,0.08,0.34,-0.74,0
20170829,0.1,0.13,-0.38,0
20170830,0.53,0,-0.32,0
20170831,0.62,0.49,-0.43,0
20170901,0.28,0.41,0.4,0
20170905,-0.8,0.07,-0.99,0
20170906,0.28,-0.06,0.12,0
20170907,-0.07,0.14,-0.91,0
20170908,-0.17,0.03,0.38,0
20170911,1.07,-0.11,0.64,0
20170912,0.42,0.24,0.72,0
20170913,0.1,0.27,0.32,0
20170914,-0.13,-0.03,-0.06,0
20170915,0.19,0.29,0.14,0
20170918,0.24,0.39,0.21,0
20170919,0.15,-0.29,0.4,0
20170920,0.15,0.22,0.49,0
20170921,-0.28,0.1,0.37,0
20170922,0.13,0.44,0.12,0
20170925,-0.26,0.31,0.59,0
20170926,0.06,0.4,0.17,0
20170927,0.63,1.39,0.23,0
20170928,0.13,0.18,-0.05,0
20170929,0.35,-0.14,-0.26,0
20171002,0.5,0.85,0.13,0
20171003,0.26,-0.04,-0.05,0
20171004,0.05,-0.27,-0.45,0
20171005,0.55,-0.33,0.39,0
20171006,-0.08,-0.06,-0.25,0
20171009,-0.23,-0.28,0,0
20171010,0.24,-0.01,0.43,0
20171011,0.16,-0.19,-0.19,0
20171012,-0.18,0.04,-0.52,0
20171013,0.04,-0.22,0.12,0
20171016,0.17,-0.27,0.36,0
20171017,0.01,-0.34,-0.31,0
20171018,0.14,0.29,0.23,0
20171019,0.02,-0.39,0.16,0
20171020,0.57,-0.09,0.27,0
20171023,-0.45,-0.44,0.17,0
20171024,0.2,-0.19,0.49,0
20171025,-0.5,0.02,0.15,0
20171026,0.2,0.04,0.28,0
20171027,0.82,-0.03,-0.98,0
20171030,-0.46,-0.81,-0.05,0
20171031,0.23,0.84,-0.25,0
20171101,0.05,-0.79,0.08,0
20171102,0.06,-0.01,0.51,0
20171103,0.3,-0.44,-0.72,0
20171106,0.06,0.23,0.19,0
20171107,-0.2,-1.36,-0.4,0
20171108,0.12,0.04,-0.6,0
20171109,-0.41,-0.04,0.22,0
20171110,0.01,0.06,-0.43,0
20171113,0.09,-0.3,0.09,0
20171114,-0.22,-0.12,0,0
20171115,-0.52,-0.04,0.23,0
20171116,1.01,0.86,-0.53,0
20171117,-0.14,0.74,0.27,0
20171120,0.21,0.56,0.03,0
20171121,0.67,0.41,-0.33,0
20171122,-0.05,0.11,-0.08,0
20171124,0.21,0.02,-0.43,0
20171127,-0.06,-0.37,0.01,0
20171128,1.06,0.39,0.86,0
20171129,0.02,0.07,1.48,0
20171130,0.82,-0.56,-0.52,0
20171201,-0.22,-0.36,0.38,0
20171204,-0.11,-0.34,1.22,0
20171205,-0.42,-0.46,-0.22,0
20171206,-0.09,-0.46,-0.52,0
20171207,0.42,0.26,-0.2,0
20171208,0.51,-0.46,-0.13,0
20171211,0.27,-0.43,-0.18,0
20171212,0.07,-0.52,0.5,0
20171213,0.02,0.72,-0.89,0
20171214,-0.47,-0.7,-0.22,0
20171215,0.92,0.68,0.04,0
20171218,0.66,0.75,0.27,0
20171219,-0.3,-0.36,-0.24,0
20171220,0.01,0.35,0.06,0
20171221,0.24,0.27,0.63,0
20171222,-0.07,-0.21,-0.21,0
20171226,-0.07,0.33,-0.07,0
20171227,0.05,-0.13,-0.2,0
20171228,0.22,0.12,0.05,0
20171229,-0.57,-0.31,0.01,0
20180102,0.85,0.35,-0.21,0.01
20180103,0.59,-0.39,-0.19,0.01
20180104,0.42,-0.26,0.24,0.01
20180105,0.66,-0.35,-0.25,0.01
20180108,0.19,-0.15,0.04,0.01
20180109,0.15,-0.35,-0.04,0.01
20180110,-0.07,0.06,0.57,0.01
20180111,0.86,1.14,0.3,0.01
20180112,0.66,-0.32,0.16,0.01
20180116,-0.49,-1.02,0.01,0.01
20180117,0.95,-0.03,-0.09,0.01
20180118,-0.18,-0.5,-0.25,0.01
20180119,0.57,0.94,-0.05,0.01
20180122,0.77,-0.34,-0.16,0.01
20180123,0.22,0.14,-0.36,0.01
20180124,-0.13,-0.84,0.44,0.01
20180125,0.07,0.14,-0.54,0.01
20180126,1.11,-0.6,-0.51,0.01
20180129,-0.62,-0.03,-0.28,0.01
20180130,-1.06,0.14,-0.21,0.01
20180131,-0.07,-0.74,0.11,0.01
20180201,0.03,0.08,0.53,0.01
20180202,-2.13,0.04,-0.29,0.01
20180205,-4.03,0.79,-0.59,0.01
20180206,1.67,-0.52,-0.19,0.01
20180207,-0.38,0.53,0.21,0.01
20180208,-3.67,0.81,0.52,0.01
20180209,1.37,-0.59,0.15,0.01
20180212,1.36,-0.46,-0.3,0.01
20180213,0.31,0.08,-0.24,0.01
20180214,1.52,0.26,0.48,0.01
20180215,1.22,-0.14,-0.63,0.01
20180216,0.03,0.35,0.15,0.01
20180220,-0.62,-0.36,-0.24,0.01
20180221,-0.44,0.79,0.23,0.01
20180222,0.01,0.05,-0.41,0.01
20180223,1.54,-0.38,-0.14,0.01
20180226,1.12,-0.5,-0.06,0.01
20180227,-1.25,-0.19,0.03,0.01
20180228,-1.11,-0.42,-0.31,0.01
20180301,-1.19,1,-0.03,0.01
20180302,0.7,1.18,-0.48,0.01
20180305,1.07,-0.39,0.22,0.01
20180306,0.36,0.68,0.13,0.01
20180307,0.05,0.78,-0.44,0.01
20180308,0.37,-0.49,-0.35,0.01
20180309,1.71,-0.25,0.27,0.01
20180312,-0.09,0.47,-0.08,0.01
20180313,-0.67,0.08,0.03,0.01
20180314,-0.53,0.23,-0.57,0.01
20180315,-0.17,-0.39,0.31,0.01
20180316,0.25,0.46,0.17,0.01
20180319,-1.37,0.35,0.41,0.01
20180320,0.14,-0.07,-0.36,0.01
20180321,-0.07,0.74,0.44,0.01
20180322,-2.54,0.51,-0.49,0.01
20180323,-2.1,0.21,-0.23,0.01
20180326,2.67,-0.68,0.03,0.01
20180327,-1.87,-0.21,0.37,0.01
20180328,-0.35,0.13,0.64,0.01
20180329,1.41,-0.31,-0.22,0.01
20180402,-2.3,-0.13,0.38,0.01
20180403,1.25,-0.04,0.18,0.01
20180404,1.17,0.33,-0.32,0.01
20180405,0.75,0.02,0.46,0.01
20180406,-2.19,0.4,-0.06,0.01
20180409,0.3,-0.15,-0.51,0.01
20180410,1.77,0.4,-0.12,0.01
20180411,-0.49,0.92,-0.3,0.01
20180412,0.84,-0.23,0.19,0.01
20180413,-0.37,0.03,-0.25,0.01
20180416,0.82,0.07,-0.02,0.01
20180417,1.09,0.16,-1.18,0.01
20180418,0.13,0.21,0.02,0.01
20180419,-0.49,-0.47,1.08,0.01
20180420,-0.81,0.06,0.58,0.01
20180423,-0.05,-0.08,0.19,0.01
20180424,-1.3,0.53,1.02,0.01
20180425,0.11,-0.34,0.06,0.01
20180426,0.95,-0.39,-0.85,0.01
20180427,0.01,-0.26,0.04,0.01
20180430,-0.81,0.03,-0.09,0.01
20180501,0.25,0.23,-0.53,0.01
20180502,-0.62,1.29,-0.35,0.01
20180503,-0.25,-0.52,-0.15,0.01
20180504,1.3,0.02,-0.2,0.01
20180507,0.41,0.42,-0.33,0.01
20180508,0.07,0.49,0.23,0.01
20180509,0.9,-0.22,0.25,0.01
20180510,0.85,-0.43,-0.04,0.01
20180511,0.19,0.12,-0.38,0.01
20180514,0.05,-0.36,0.11,0.01
20180515,-0.55,0.67,0.4,0.01
20180516,0.5,0.7,-0.25,0.01
20180517,0.01,0.9,0.29,0.01
20180518,-0.23,0.57,-0.62,0.01
20180521,0.72,-0.19,0.44,0.01
20180522,-0.42,-0.76,0.61,0.01
20180523,0.29,0.05,-0.69,0.01
20180524,-0.16,0.37,-0.35,0.01
20180525,-0.22,0.25,-0.39,0.01
20180529,-1.03,1.32,-1.02,0.01
20180530,1.31,0.04,0.36,0.01
20180531,-0.7,0.07,-0.43,0.01
20180601,1.06,-0.23,-0.1,0.01
20180604,0.48,0.17,-0.45,0.01
20180605,0.16,0.82,-0.44,0.01
20180606,0.86,-0.33,0.21,0.01
20180607,-0.14,-0.3,0.93,0.01
20180608,0.31,0.08,-0.4,0.01
20180611,0.12,0.18,-0.16,0.01
20180612,0.23,0.23,-0.63,0.01
20180613,-0.33,0.08,-0.2,0.01
20180614,0.28,0.32,-1.01,0.01
20180615,-0.07,0.04,-0.25,0.01
20180618,-0.09,0.72,0.08,0.01
20180619,-0.38,0.57,-0.14,0.01
20180620,0.23,0.73,-0.51,0.01
20180621,-0.73,-0.63,0.33,0.01
20180622,0.11,0,0.46,0.01
20180625,-1.48,-0.54,0.57,0.01
20180626,0.27,0.63,-0.24,0.01
20180627,-1.02,-0.99,0.36,0.01
20180628,0.58,-0.18,-0.51,0.01
20180629,0.06,-0.2,-0.24,0.01
20180702,0.36,0.44,-0.25,0.01
20180703,-0.44,0.81,-0.02,0.01
20180705,0.87,0.44,-0.43,0.01
20180706,0.88,0.05,-0.3,0.01
20180709,0.93,-0.41,0.86,0.01
20180710,0.21,-0.78,-0.16,0.01
20180711,-0.7,-0.02,-0.46,0.01
20180712,0.85,-0.34,-1.16,0.01
20180713,0.08,-0.13,-0.29,0.01
20180716,-0.16,-0.77,0.97,0.01
20180717,0.48,0.26,-0.74,0.01
20180718,0.26,-0.27,0.68,0.01
20180719,-0.34,0.96,-0.36,0.01
20180720,-0.1,-0.18,0.11,0.01
20180723,0.16,-0.29,0.54,0.01
20180724,0.22,-1.36,0.39,0.01
20180725,0.83,-0.43,-1.06,0.01
20180726,-0.21,0.64,0.58,0.01
20180727,-0.82,-1.38,1.06,0.01
20180730,-0.7,-0.22,1.59,0.01
20180731,0.51,0.84,-1.1,0.01
20180801,-0.13,0.06,-0.22,0.01
20180802,0.67,0.33,-0.65,0.01
20180803,0.31,-1.07,0.51,0.01
20180806,0.46,0.26,-0.33,0.01
20180807,0.29,0.03,-0.15,0.01
20180808,-0.04,-0.13,0.26,0.01
20180809,-0.05,0.37,-0.35,0.01
20180810,-0.6,0.4,-0.21,0.01
20180813,-0.46,-0.14,-0.29,0.01
20180814,0.69,0.3,0.22,0.01
20180815,-0.91,-0.53,-0.14,0.01
20180816,0.86,-0.07,0.26,0.01
20180817,0.3,0.09,0.01,0.01
20180820,0.25,0.12,0.14,0.01
20180821,0.33,0.9,0.14,0.01
20180822,0.05,0.37,-0.35,0.01
20180823,-0.19,-0.05,-0.33,0.01
20180824,0.62,-0.02,-0.58,0.01
20180827,0.74,-0.68,-0.15,0.01
20180828,-0.01,-0.11,-0.23,0.01
20180829,0.56,-0.04,-0.57,0.01
20180830,-0.41,0.29,-0.42,0.01
20180831,0.08,0.5,-0.38,0.01
20180904,-0.11,-0.37,0.01,0.01
20180905,-0.41,-0.18,0.67,0.01
20180906,-0.44,-0.34,-0.25,0.01
20180907,-0.18,0.11,-0.22,0.01
20180910,0.23,0.12,-0.36,0.01
20180911,0.37,-0.3,-0.24,0.01
20180912,0.03,-0.06,-0.23,0.01
20180913,0.45,-0.44,-0.39,0.01
20180914,0.12,0.27,0.25,0.01
20180917,-0.72,-0.46,0.85,0.01
20180918,0.57,0.05,-0.48,0.01
20180919,0.05,-0.67,1.28,0.01
20180920,0.77,0.31,-0.23,0.01
20180921,-0.13,-0.42,0.31,0.01
20180924,-0.31,0.05,-0.89,0.01
20180925,-0.05,0.27,-0.38,0.01
20180926,-0.4,-0.38,-0.62,0.01
20180927,0.27,-0.27,-0.54,0.01
20180928,-0.03,0.4,-0.19,0.01
20181001,0.16,-1.63,0.36,0.01
20181002,-0.21,-0.98,0.57,0.01
20181003,0.2,0.85,0.5,0.01
20181004,-0.93,-1.06,1.58,0.01
20181005,-0.64,-0.42,0.37,0.01
20181008,-0.18,-0.41,1.24,0.01
20181009,-0.18,-0.29,0.28,0.01
20181010,-3.33,0.29,1.09,0.01
20181011,-1.96,0.46,-0.92,0.01
20181012,1.39,-0.87,-1.75,0.01
20181015,-0.48,0.91,0.52,0.01
20181016,2.25,0.69,-1.45,0.01
20181017,-0.09,-0.67,0.23,0.01
20181018,-1.54,-0.54,0.42,0.01
20181019,-0.24,-1.33,0.7,0.01
20181022,-0.38,0.48,-1.26,0.01
20181023,-0.62,-0.09,-0.42,0.01
20181024,-3.33,-0.93,0.76,0.01
20181025,1.93,0.42,-0.6,0.01
20181026,-1.65,0.57,0.35,0.01
20181029,-0.76,-0.32,1.61,0.01
20181030,1.66,0.42,0.09,0.01
20181031,1.21,-0.65,-0.74,0.01
20181101,1.29,1.34,-1.12,0.01
20181102,-0.53,0.8,0.67,0.01
20181105,0.4,-1.02,1.57,0.01
20181106,0.57,-0.16,0.02,0.01
20181107,2.12,-0.33,-1.05,0.01
20181108,-0.28,-0.25,0.25,0.01
20181109,-1.04,-0.86,0.41,0.01
20181112,-2.06,0.02,0.84,0.01
20181113,-0.13,-0.11,0.16,0.01
20181114,-0.78,0.02,-0.27,0.01
20181115,1.18,0.35,-0.39,0.01
20181116,0.15,0.02,-0.06,0.01
20181119,-1.88,-0.74,2.32,0.01
20181120,-1.85,0.15,-0.54,0.01
20181121,0.51,0.99,-0.33,0.01
20181123,-0.55,0.83,-0.61,0.01
20181126,1.62,-0.66,-0.2,0.01
20181127,0.11,-1.08,0.25,0.01
20181128,2.42,0.44,-1.16,0.01
20181129,-0.22,-0.1,-0.09,0.01
20181130,0.79,-0.32,-0.44,0.01
20181203,1.13,-0.05,-0.78,0.01
20181204,-3.46,-0.96,-0.22,0.01
20181206,-0.16,0.13,-1.06,0.01
20181207,-2.36,0.2,1.33,0.01
20181210,0.1,-0.11,-1.64,0.01
20181211,-0.08,-0.05,-0.42,0.01
20181212,0.68,0.57,-0.17,0.01
20181213,-0.26,-1.51,-0.2,0.01
20181214,-1.89,-0.06,0.49,0.01
20181217,-2.13,-0.25,1.08,0.01
20181218,-0.03,0.02,-0.6,0.01
20181219,-1.58,-0.6,0.02,0.01
20181220,-1.62,-0.28,0.97,0.01
20181221,-2.16,-0.56,0.77,0.01
20181224,-2.55,1.01,-0.51,0.01
20181226,5.07,-0.06,-1,0.01
20181227,0.78,-0.67,-0.13,0.01
20181228,-0.03,0.77,0.25,0.01
20181231,0.9,-0.09,-0.45,0.01
20190102,0.22,0.58,1.14,0.01
20190103,-2.45,0.36,1.18,0.01
20190104,3.55,0.4,-0.69,0.01
20190107,0.94,1.01,-0.75,0.01
20190108,1.01,0.52,-0.63,0.01
20190109,0.52,0.46,0.11,0.01
20190110,0.4,0.03,-0.45,0.01
20190111,0,0.12,0.22,0.01
20190114,-0.6,-0.6,0.95,0.01
20190115,1.05,0,-0.9,0.01
20190116,0.28,0.04,0.92,0.01
20190117,0.78,0.11,-0.24,0.01
20190118,1.3,-0.37,0.12,0.01
20190122,-1.52,-0.39,0.3,0.01
20190123,0.16,-0.38,-0.15,0.01
20190124,0.23,0.44,0,0.01
20190125,0.9,0.46,-0.34,0.01
20190128,-0.8,-0.16,0.63,0.01
20190129,-0.19,-0.01,0.19,0.01
20190130,1.51,-0.15,-0.94,0.01
20190131,0.91,0.11,-1.11,0.01
20190201,0.13,-0.12,0.43,0.01
20190204,0.73,0.48,-0.47,0.01
20190205,0.43,-0.07,-0.61,0.01
20190206,-0.21,-0.01,0.06,0.01
20190207,-0.93,-0.13,0.38,0.01
20190208,0.1,0.05,-0.68,0.01
20190211,0.14,0.66,0.23,0.01
20190212,1.36,0.02,-0.16,0.01
20190213,0.28,0.06,0.07,0.01
20190214,-0.2,0.53,-0.59,0.01
20190215,1.13,0.24,0.48,0.01
20190219,0.19,0.29,0.31,0.01
20190220,0.19,0.21,0.56,0.01
20190221,-0.37,-0.06,-0.23,0.01
20190222,0.65,0.55,-1.47,0.01
20190225,0.15,-0.26,-0.18,0.01
20190226,-0.16,-0.63,-0.33,0.01
20190227,0.1,0.2,-0.12,0.01
20190228,-0.31,0.02,-0.27,0.01
20190301,0.72,0.29,-0.41,0.01
20190304,-0.52,-0.41,0.38,0.01
20190305,-0.17,-0.31,-0.22,0.01
20190306,-0.84,-1.26,0.05,0.01
20190307,-0.82,-0.06,-0.34,0.01
20190308,-0.22,0.06,-0.17,0.01
20190311,1.49,0.36,-0.53,0.01
20190312,0.25,-0.28,-0.07,0.01
20190313,0.67,-0.32,0.08,0.01
20190314,-0.1,-0.4,0.3,0.01
20190315,0.48,-0.25,-0.25,0.01
20190318,0.46,0.15,0.44,0.01
20190319,-0.09,-0.38,-0.92,0.01
20190320,-0.37,0.01,-1.06,0.01
20190321,1.1,0.3,-1.23,0.01
20190322,-2.17,-1.51,-0.08,0.01
20190325,-0.05,0.66,-0.26,0.01
20190326,0.76,0.17,0.46,0.01
20190327,-0.5,0.1,0.51,0.01
20190328,0.4,0.34,0.02,0.01
20190329,0.66,-0.23,-0.92,0.01
20190401,1.19,-0.31,0.99,0.01
20190402,-0.05,-0.13,-0.44,0.01
20190403,0.27,0.21,-0.39,0.01
20190404,0.19,0.2,0.94,0.01
20190405,0.53,0.53,-0.07,0.01
20190408,0.08,-0.29,0.1,0.01
20190409,-0.65,-0.56,-0.15,0.01
20190410,0.48,0.97,-0.11,0.01
20190411,0,-0.31,0.4,0.01
20190412,0.64,-0.51,0.66,0.01
20190415,-0.09,-0.21,-0.55,0.01
20190416,0.13,0.12,0.71,0.01
20190417,-0.32,-0.7,0.84,0.01
20190418,0.11,-0.25,-0.5,0.01
20190422,0.11,-0.46,-0.57,0.01
20190423,0.97,0.72,-0.49,0.01
20190424,-0.22,0.28,-0.08,0.01
20190425,-0.14,-0.75,-0.21,0.01
20190426,0.53,0.43,0.06,0.01
20190429,0.18,0.09,0.65,0.01
20190430,-0.04,-0.69,0.27,0.01
20190501,-0.83,-0.1,-0.02,0.01
20190502,-0.16,0.45,-0.28,0.01
20190503,1.13,0.93,-0.27,0.01
20190506,-0.39,0.6,-0.42,0.01
20190507,-1.69,-0.28,0.49,0.01
20190508,-0.21,-0.16,-0.31,0.01
20190509,-0.28,0.08,0.09,0.01
20190510,0.35,-0.37,0.06,0.01
20190513,-2.65,-0.73,0.28,0.01
20190514,0.91,0.41,-0.02,0.01
20190515,0.58,0.05,-0.96,0.01
20190516,0.91,-0.39,-0.33,0.01
20190517,-0.71,-0.8,0.28,0.01
20190520,-0.65,-0.23,0.73,0.01
20190521,0.9,0.43,-0.34,0.01
20190522,-0.4,-0.51,-0.62,0.01
20190523,-1.37,-0.69,-0.27,0.01
20190524,0.23,0.5,0.3,0.01
20190528,-0.78,0.29,-0.63,0.01
20190529,-0.71,-0.29,0.41,0.01
20190530,0.14,-0.27,-0.77,0.01
20190531,-1.37,-0.22,-0.11,0.01
20190603,-0.4,0.33,1.68,0.01
20190604,2.32,0.42,-0.03,0.01
20190605,0.7,-0.98,-0.97,0.01
20190606,0.55,-1.04,0.02,0.01
20190607,1.04,0.04,-1.19,0.01
20190610,0.54,-0.04,0.07,0.01
20190611,-0.12,-0.26,0.57,0.01
20190612,-0.2,0.42,-1,0.01
20190613,0.52,0.66,-0.04,0.01
20190614,-0.27,-0.78,0.3,0.01
20190617,0.15,0.63,-1.13,0.01
20190618,1.04,0.15,0.35,0.01
20190619,0.32,0.11,-0.6,0.01
20190620,0.89,-0.36,-0.22,0.01
20190621,-0.21,-0.47,-0.03,0.01
20190624,-0.35,-0.9,0.08,0.01
20190625,-0.98,0.34,0.72,0.01
20190626,-0.07,-0.05,0.27,0.01
20190627,0.59,1.42,-0.1,0.01
20190628,0.68,0.63,0.62,0.01
20190701,0.75,-0.53,-0.13,0.01
20190702,0.14,-0.81,-0.81,0.01
20190703,0.79,-0.04,-0.32,0.01
20190705,-0.1,0.16,0.91,0.01
20190708,-0.58,-0.45,0.06,0.01
20190709,0.19,-0.15,-0.43,0.01
20190710,0.4,-0.15,-0.36,0.01
20190711,0.19,-0.79,0.04,0.01
20190712,0.53,0.18,0.41,0.01
20190715,-0.05,-0.35,-1.06,0.01
20190716,-0.32,0.35,0.11,0.01
20190717,-0.64,-0.14,-0.65,0.01
20190718,0.35,-0.29,0.01,0.01
20190719,-0.57,0.16,0.86,0.01
20190722,0.25,-0.44,-0.48,0.01
20190723,0.64,-0.23,0.8,0.01
20190724,0.66,0.75,0.86,0.01
20190725,-0.63,-0.66,-0.11,0.01
20190726,0.82,0.39,-0.19,0.01
20190729,-0.32,-0.34,-0.46,0.01
20190730,-0.17,1.37,0.88,0.01
20190731,-1.1,0.12,0.62,0.01
20190801,-1.04,-0.42,-1.9,0.01
20190802,-0.87,-0.32,0.07,0.01
20190805,-3.07,-0.01,0.01,0.01
20190806,1.29,-0.41,-0.59,0.01
20190807,0.07,0.08,-0.9,0.01
20190808,1.97,0.03,-0.25,0.01
20190809,-0.78,-0.43,-0.22,0.01
20190812,-1.31,0.29,-0.26,0.01
20190813,1.47,-0.17,-0.53,0.01
20190814,-2.95,0.22,-0.51,0.01
20190815,0.17,-0.61,-0.52,0.01
20190816,1.55,0.53,0.6,0.01
20190819,1.14,0.02,0.21,0.01
20190820,-0.75,0.3,-0.49,0.01
20190821,0.85,0.05,-0.3,0.01
20190822,-0.1,-0.53,0.49,0.01
20190823,-2.66,-0.56,-0.18,0.01
20190826,1.08,-0.02,-0.18,0.01
20190827,-0.46,-0.88,-0.66,0.01
20190828,0.68,0.47,0.61,0.01
20190829,1.35,0.32,0.33,0.01
20190830,0.03,-0.37,0.23,0.01
20190903,-0.86,-0.96,0.12,0.01
20190904,1.08,-0.22,0.43,0.01
20190905,1.42,0.41,0.7,0.01
20190906,-0.02,-0.39,0.05,0.01
20190909,0.07,0.76,3.05,0.01
20190910,0.16,1.07,1.11,0.01
20190911,0.87,1.33,-0.04,0.01
20190912,0.22,-0.31,-0.12,0.01
20190913,-0.02,0.02,0.74,0.01
20190916,-0.23,0.91,0.53,0.01
20190917,0.17,-0.6,-1.19,0.01
20190918,-0.04,-0.75,0.06,0.01
20190919,-0.05,-0.43,-0.46,0.01
20190920,-0.48,0.29,0.15,0.01
20190923,-0.02,-0.17,0.5,0.01
20190924,-1,-0.73,0.01,0.01
20190925,0.69,0.36,0.52,0.01
20190926,-0.4,-0.96,0.13,0.01
20190927,-0.62,-0.33,0.88,0.01
20190930,0.5,-0.17,-0.48,0.01
20191001,-1.31,-0.46,-0.59,0.01
20191002,-1.73,0.89,-0.36,0.01
20191003,0.8,-0.23,-0.89,0.01
20191004,1.39,-0.48,-0.07,0.01
20191007,-0.41,0.16,-0.03,0.01
20191008,-1.61,-0.13,-0.13,0.01
20191009,0.92,-0.55,-0.09,0.01
20191010,0.6,-0.4,0.25,0.01
20191011,1.23,0.48,0.18,0.01
20191014,-0.18,-0.34,-0.03,0.01
20191015,1.03,0.25,-0.25,0.01
20191016,-0.24,0.4,0.22,0.01
20191017,0.37,0.8,-0.29,0.01
20191018,-0.49,-0.35,0.87,0.01
20191021,0.71,0.16,0.34,0.01
20191022,-0.34,0.23,0.84,0.01
20191023,0.25,-0.09,0.27,0.01
20191024,0.25,-0.26,-0.89,0.01
20191025,0.5,0.28,0.07,0.01
20191028,0.62,0.27,-0.25,0.01
20191029,-0.13,0.3,0.5,0.01
20191030,0.28,-0.37,-1.15,0.01
20191031,-0.38,-0.26,-0.43,0.01
20191101,1.07,0.49,0.82,0.01
20191104,0.39,0.03,1.35,0.01
20191105,-0.03,0.23,0.46,0.01
20191106,-0.05,-0.73,0.24,0.01
20191107,0.38,-0.14,0.5,0.01
20191108,0.31,0.07,-0.37,0.01
20191111,-0.19,0,-0.19,0.01
20191112,0.16,-0.11,-0.14,0.01
20191113,0.01,-0.23,-0.82,0.01
20191114,0.07,-0.12,-0.25,0.01
20191115,0.74,-0.25,-0.33,0.01
20191118,0.03,-0.35,-0.51,0.01
20191119,0.02,0.57,-0.94,0.01
20191120,-0.33,0.01,-0.44,0.01
20191121,-0.15,-0.34,0.1,0.01
20191122,0.24,0.06,0.21,0.01
20191125,0.92,1.31,-0.38,0.01
20191126,0.19,0.05,-0.89,0.01
20191127,0.44,0.23,-0.02,0.01
20191129,-0.42,-0.04,-0.31,0.01
20191202,-0.87,-0.25,0.48,0.01
20191203,-0.66,0.6,-0.83,0.01
20191204,0.6,0.14,0.25,0.01
20191205,0.13,-0.21,0.46,0.01
20191206,0.91,0.25,0.36,0.01
20191209,-0.33,0.34,0.12,0.01
20191210,-0.08,0.3,-0.09,0.01
20191211,0.28,-0.07,0.13,0.01
20191212,0.9,-0.13,1.13,0.01
20191213,-0.03,-0.27,-0.54,0.01
20191216,0.74,0.03,-0.05,0.01
20191217,0.1,0.42,0.66,0.01
20191218,-0.05,0.2,0.09,0.01
20191219,0.43,-0.02,-0.42,0.01
20191220,0.48,-0.3,-0.31,0.01
20191223,0.1,0.21,-0.34,0.01
20191224,0.01,0.39,-0.01,0.01
20191226,0.49,-0.54,0,0.01
20191227,-0.09,-0.53,-0.07,0.01
20191230,-0.57,0.19,0.56,0.01
20191231,0.28,-0.01,0.11,0.01
20200102,0.86,-0.88,-0.34,0.01
20200103,-0.67,0.38,0.01,0.01
20200106,0.36,-0.07,-0.55,0.01
20200107,-0.19,-0.01,-0.26,0.01
20200108,0.47,-0.07,-0.64,0.01
20200109,0.65,-0.63,-0.48,0.01
20200110,-0.34,-0.19,-0.34,0.01
20200113,0.73,-0.11,-0.09,0.01
20200114,-0.06,0.4,-0.18,0.01
20200115,0.16,0.46,-0.82,0.01
20200116,0.88,0.51,-0.11,0.01
20200117,0.28,-0.64,-0.12,0.01
20200121,-0.32,-0.52,-0.62,0.01
20200122,0.08,-0.26,0,0.01
20200123,0.08,-0.05,-0.14,0.01
20200124,-0.97,-0.44,-0.28,0.01
20200127,-1.56,0.37,-0.41,0.01
20200128,1.02,-0.13,-0.43,0.01
20200129,-0.11,-0.25,-0.97,0.01
20200130,0.34,-0.69,0.68,0.01
20200131,-1.74,-0.44,-0.35,0.01
20200203,0.84,0.62,-0.67,0.01
20200204,1.57,-0.03,-0.7,0.01
20200205,0.97,0.33,1.48,0.01
20200206,0.27,-0.46,-0.84,0.01
20200207,-0.55,-0.79,-0.02,0.01
20200210,0.73,-0.01,-0.9,0.01
20200211,0.27,0.05,1.04,0.01
20200212,0.66,0.16,-0.36,0.01
20200213,-0.09,0.2,0.01,0.01
20200214,0.14,-0.38,-0.66,0.01
20200218,-0.19,0.16,-0.64,0.01
20200219,0.6,0.18,0.03,0.01
20200220,-0.35,0.49,0.67,0.01
20200221,-1.12,-0.12,0.02,0.01
20200224,-3.39,0.16,0.01,0.01
20200225,-3.09,-0.11,-0.68,0.01
20200226,-0.52,-0.38,-1.2,0.01
20200227,-4.22,0.78,0.06,0.01
20200228,-0.78,0.3,-0.8,0.01
20200302,4.31,-1.69,-0.42,0.01
20200303,-2.8,0.8,-0.63,0.01
20200304,4.03,-1.09,-1.17,0.01
20200305,-3.38,0.24,-1.4,0.01
20200306,-1.78,0.05,-1.48,0.01
20200309,-7.79,-0.42,-4.75,0.01
20200310,4.74,-2.48,0.78,0.01
20200311,-5.06,-0.83,-0.81,0.01
20200312,-9.63,-0.45,-1.14,0.01
20200313,8.98,-2.69,2.94,0.01
20200316,-12.01,-0.21,-0.75,0.01
20200317,5.88,0.85,-0.67,0.01
20200318,-5.56,-3.53,-4.74,0.01
20200319,1.31,5.45,0.95,0.01
20200320,-4.15,0.35,-0.9,0.01
20200323,-2.56,2.21,-3.26,0.01
20200324,9.34,-1.28,2.38,0.01
20200325,1.17,-0.74,1.87,0.01
20200326,6.03,-0.71,1.08,0.01
20200327,-3.48,-0.86,-0.76,0.01
20200330,3.17,-0.3,-2.11,0.01
20200331,-1.44,1.82,-0.38,0.01
20200401,-4.5,-1.56,-1.31,0
20200402,2.1,-0.97,-0.28,0
20200403,-1.64,-1.09,-1.15,0
20200406,7.1,0.77,0.28,0
20200407,-0.11,-0.59,2.1,0
20200408,3.42,0.31,1.27,0
20200409,1.59,1.91,3.19,0
20200413,-0.92,-0.85,-2.4,0
20200414,3.03,-0.18,-3.15,0
20200415,-2.15,-1.23,-2.55,0
20200416,0.62,-0.21,-2.98,0
20200417,2.73,0.75,2.77,0
20200420,-1.57,0.78,-0.91,0
20200421,-3.09,0.94,0.16,0
20200422,2.31,-0.68,-1.66,0
20200423,0.12,1.11,0.55,0
20200424,1.43,0.28,-0.12,0
20200427,1.73,1.59,2.68,0
20200428,-0.45,0.98,2.86,0
20200429,2.92,1.89,1.98,0
20200430,-1.18,-1.41,-1.71,0
20200501,-2.91,-0.55,-0.96,0
20200504,0.54,0.21,-1.29,0
20200505,0.95,0.03,-2.01,0
20200506,-0.52,0.54,-2.72,0
20200507,1.33,-0.06,0.41,0
20200508,1.9,1.39,2.46,0
20200511,0.06,0.47,-3.79,0
20200512,-2.07,-0.84,-1.36,0
20200513,-1.89,-0.89,-2.08,0
20200514,1.15,-1.52,0.92,0
20200515,0.57,1.61,-1.15,0
20200518,3.24,1.58,4.61,0
20200519,-1.01,-0.54,-1.51,0
20200520,1.8,1.09,1.31,0
20200521,-0.71,0.62,0.42,0
20200522,0.27,0.46,-0.85,0
20200526,1.23,0.1,4.54,0
20200527,1.54,0.66,3.59,0
20200528,-0.41,-1.54,-2.41,0
20200529,0.59,-0.29,-1.98,0
20200601,0.51,-0.04,0.43,0
20200602,0.81,-0.09,0.55,0
20200603,1.41,0.16,2.62,0
20200604,-0.34,-0.22,2.9,0
20200605,2.5,0.67,2.75,0
20200608,1.35,0.37,2.07,0
20200609,-0.86,-0.25,-1.92,0
20200610,-0.55,-0.86,-4.1,0
20200611,-5.91,-0.83,-3.03,0
20200612,1.29,0.32,1.82,0
20200615,1.08,1.46,-0.38,0
20200616,1.88,0.61,0.49,0
20200617,-0.41,-0.91,-1.97,0
20200618,0.18,0.09,-0.53,0
20200619,-0.45,0.08,-0.67,0
20200622,0.71,0.84,-1.36,0
20200623,0.41,0.17,-0.6,0
20200624,-2.62,-0.45,-1.36,0
20200625,1.13,0.25,0.5,0
20200626,-2.43,0.12,-1.39,0
20200629,1.5,1.25,1.86,0
20200630,1.58,0.08,-0.01,0
20200701,0.41,-1.27,-2.57,0
20200702,0.51,-0.02,-0.14,0
20200706,1.66,-0.63,0.35,0
20200707,-1.01,-0.5,-1.5,0
20200708,0.89,0.3,-0.46,0
20200709,-0.54,-0.93,-2.61,0
20200710,1.11,-0.07,3.06,0
20200713,-1.19,-0.76,2.04,0
20200714,1.36,0.42,-0.29,0
20200715,1.14,2.43,1.26,0
20200716,-0.38,-0.35,0.81,0
20200717,0.3,0.17,-1.43,0
20200720,1.03,-0.44,-2.38,0
20200721,0.15,0.85,3.28,0
20200722,0.5,-0.62,-0.37,0
20200723,-1.2,0.74,1.98,0
20200724,-0.74,-0.81,0.45,0
20200727,0.88,0.75,-2.02,0
20200728,-0.81,-0.71,1.01,0
20200729,1.36,0.49,0.9,0
20200730,-0.29,0.48,-1.84,0
20200731,0.62,-1.59,-0.66,0
20200803,0.97,1.22,-0.83,0
20200804,0.37,0.45,0.06,0
20200805,0.78,1.04,0.82,0
20200806,0.53,-0.42,-0.85,0
20200807,0.02,0.92,2.4,0
20200810,0.23,0.86,1.73,0
20200811,-0.83,-0.31,1.61,0
20200812,1.4,-0.51,-1.33,0
20200813,-0.02,0.18,-1.32,0
20200814,-0.04,-0.08,1.08,0
20200817,0.45,0.59,-1.94,0
20200818,0.23,-1.07,-1.42,0
20200819,-0.38,0.48,0.09,0
20200820,0.31,-0.51,-1.55,0
20200821,0.26,-1.08,-0.44,0
20200824,0.92,-0.36,2.59,0
20200825,0.35,0.16,-0.64,0
20200826,1,-1.17,-1.75,0
20200827,0.18,-0.34,0.95,0
20200828,0.7,0.26,-0.22,0
20200831,-0.04,-0.42,-1.75,0
20200901,0.92,0.44,-0.32,0
20200902,1.27,-0.5,-0.45,0
20200903,-3.7,-0.22,2.6,0
20200904,-0.87,-0.17,2.07,0
20200908,-2.93,0.65,-0.29,0
20200909,2.07,-0.18,-1.99,0
20200910,-1.64,0.31,-0.06,0
20200911,-0.05,-0.84,0.9,0
20200914,1.58,1.19,-0.8,0
20200915,0.57,-0.27,-1.46,0
20200916,-0.4,0.76,1.32,0
20200917,-0.85,0.36,0.2,0
20200918,-0.89,0.79,-0.21,0
20200921,-1.07,-2.02,-1.9,0
20200922,1.01,-0.17,-1.6,0
20200923,-2.47,-0.7,0.16,0
20200924,0.26,-0.21,0.38,0
20200925,1.71,0.15,-1.34,0
20200928,1.65,0.72,1.05,0
20200929,-0.42,0.75,-1.32,0
20200930,0.79,-0.73,0.16,0
20201001,0.78,1.05,-0.54,0
20201002,-0.97,1.08,2.43,0
20201005,1.94,1.02,-0.09,0
20201006,-1.28,0.74,0.25,0
20201007,1.84,0.58,0.16,0
20201008,0.8,-0.03,1.07,0
20201009,0.93,0.01,-1.42,0
20201012,1.54,-0.83,-0.09,0
20201013,-0.42,0.18,-1.74,0
20201014,-0.65,0.08,0.03,0
20201015,-0.08,0.9,1.14,0
20201016,-0.06,-0.18,0.05,0
20201019,-1.53,0.34,0.32,0
20201020,0.35,-0.24,1.26,0
20201021,-0.35,-0.47,0.41,0
20201022,0.66,0.61,1.03,0
20201023,0.38,0.42,0.04,0
20201026,-1.85,-0.28,-0.39,0
20201027,-0.23,-0.07,-2.33,0
20201028,-3.42,0.02,0.57,0
20201029,1.13,0.16,0.27,0
20201030,-1.45,-0.79,1.85,0
20201102,1.17,0.52,1,0
20201103,1.93,1.01,-0.19,0
20201104,2.25,-1.49,-5.03,0
20201105,2.12,0.99,0.54,0
20201106,0.01,-0.86,-0.92,0
20201109,0.83,0.79,6.73,0
20201110,-0.16,1.55,2.15,0
20201111,0.88,-0.54,-1.78,0
20201112,-0.94,-0.22,-1.19,0
20201113,1.31,0.6,1.15,0
20201116,1.22,0.79,1.98,0
20201117,-0.2,0.62,-0.01,0
20201118,-0.94,-0.04,0.03,0
20201119,0.58,0.47,-0.77,0
20201120,-0.51,0.67,-0.6,0
20201123,0.82,0.88,1.55,0
20201124,1.56,-0.12,2.78,0
20201125,0.02,0,-1.32,0
20201127,0.42,0.46,-1.62,0
20201130,-0.52,-0.98,-2.07,0
20201201,0.99,-0.25,0.52,0
20201202,0.11,-0.09,1.07,0
20201203,0.17,0.51,-0.1,0
20201204,1.01,1.47,0.83,0
20201207,0.02,0.24,-1.02,0
20201208,0.47,1.01,-0.69,0
20201209,-1.03,-0.06,1.28,0
20201210,0.24,1.11,-0.46,0
20201211,-0.18,-0.36,-0.73,0
20201214,-0.26,0.57,-1.51,0
20201215,1.29,1.06,0.38,0
20201216,0.16,-0.42,-0.39,0
20201217,0.78,0.68,-0.7,0
20201218,-0.14,0.06,-1.17,0
20201221,-0.24,0.14,-0.06,0
20201222,0.05,1.21,-1.63,0
20201223,0.11,0.39,2.03,0
20201224,0.23,-0.4,-0.19,0
20201228,0.49,-0.73,0.36,0
20201229,-0.39,-1.52,0.24,0
20201230,0.27,1.01,0.06,0
20201231,0.4,-0.86,0.44,0
20210104,-1.41,0.2,0.57,0
20210105,0.86,1.22,0.5,0
20210106,0.79,2.14,3.94,0
20210107,1.76,0.32,-0.81,0
20210108,0.51,-0.75,-1.38,0
20210111,-0.52,0.26,1.26,0
20210112,0.37,1.28,1.24,0
20210113,0.06,-0.94,-0.45,0
20210114,-0.12,2.02,1.13,0
20210115,-0.86,-0.5,-0.74,0
20210119,0.92,0.88,-0.79,0
20210120,1.27,-0.39,-1.1,0
20210121,-0.04,-0.54,-0.96,0
20210122,-0.07,1.86,-0.11,0
20210125,0.29,-0.03,-0.43,0
20210126,-0.33,-0.01,0.04,0
20210127,-2.53,1.32,1.55,0
20210128,0.93,-1.92,-0.93,0
20210129,-1.84,0.59,0.59,0
20210201,1.72,0.93,-1.47,0
20210202,1.48,-0.88,-1.03,0
20210203,0.14,0.41,0.73,0
20210204,1.22,0.39,0.38,0
20210205,0.57,1.07,-0.49,0
20210208,0.96,2.1,0.39,0
20210209,0.05,0.64,-0.06,0
20210210,-0.08,-0.59,0.79,0
20210211,0.2,-0.05,-0.7,0
20210212,0.49,-0.12,0.46,0
20210216,-0.14,-0.64,1.93,0
20210217,-0.2,-0.84,0.6,0
20210218,-0.62,-1.53,-0.21,0
20210219,0.16,1.77,0.73,0
20210222,-1.11,-0.04,3.13,0
20210223,-0.11,-1.25,0.89,0
20210224,1.15,1.19,1.44,0
20210225,-2.72,-1.11,0.88,0
20210226,-0.28,0.68,-1.6,0
20210301,2.62,1.09,0.23,0
20210302,-1.05,-1.09,1.25,0
20210303,-1.55,-0.19,3.56,0
20210304,-1.67,-1.35,1.7,0
20210305,1.87,0.22,0.62,0
20210308,-0.67,0.6,3.71,0
20210309,1.77,1.28,-3.23,0
20210310,0.67,0.77,1.82,0
20210311,1.41,1.59,-2,0
20210312,0.11,0.14,1.29,0
20210315,0.69,-0.12,-1.27,0
20210316,-0.41,-1.09,-0.85,0
20210317,0.34,0.47,0.34,0
20210318,-1.86,-1.74,2.16,0
20210319,0.23,1.26,-0.99,0
20210322,0.56,-1.19,-2.23,0
20210323,-1.16,-2.7,-1.04,0
20210324,-0.97,-1.97,1.46,0
20210325,0.67,1.68,1.4,0
20210326,1.56,0.19,0.68,0
20210329,-0.48,-2.41,-0.23,0
20210330,-0.03,1.54,1.01,0
20210331,0.63,1.12,-2.34,0
20210401,1.27,0.3,-0.02,0
20210405,1.28,-0.59,-0.71,0
20210406,0,-0.31,0.09,0
20210407,-0.11,-1.59,0.3,0
20210408,0.62,0.59,-1.17,0
20210409,0.65,-0.64,0.15,0
20210412,-0.04,-0.6,0.56,0
20210413,0.41,-0.3,-1.6,0
20210414,-0.34,0.79,1.41,0
20210415,1.06,-0.44,-1.19,0
20210416,0.27,-0.36,0.65,0
20210419,-0.72,-0.78,0.79,0
20210420,-0.93,-1.18,-1.57,0
20210421,1.1,1.38,0.12,0
20210422,-0.78,0.66,-0.77,0
20210423,1.26,0.75,0.69,0
20210426,0.41,0.88,-0.5,0
20210427,-0.03,-0.16,0.85,0
20210428,-0.07,0.18,0.2,0
20210429,0.4,-1.13,1.09,0
20210430,-0.82,-0.43,-0.33,0
20210503,0.18,0.44,1.7,0
20210504,-0.89,-0.75,2,0
20210505,-0.05,-0.46,1.33,0
20210506,0.49,-0.79,1.18,0
20210507,0.84,0.42,-0.08,0
20210510,-1.35,-1.67,1.68,0
20210511,-0.63,0.95,-0.87,0
20210512,-2.34,-1.32,0.7,0
20210513,1.04,0.26,1.13,0
20210514,1.79,0.98,-0.16,0
20210517,-0.24,0.59,0.84,0
20210518,-0.7,0.26,-0.93,0
20210519,-0.34,-0.38,-0.46,0
20210520,1.14,-0.1,-1.42,0
20210521,-0.04,0.22,0.98,0
20210524,0.99,-0.37,-0.7,0
20210525,-0.3,-0.61,-1.23,0
20210526,0.46,1.75,0.57,0
20210527,0.27,0.8,0.95,0
20210528,0.04,-0.29,-0.32,0
20210601,0.03,1.11,1.44,0
20210602,0.11,-0.13,0.32,0
20210603,-0.53,-0.54,0.73,0
20210604,0.9,-0.35,-0.91,0
20210607,0.14,1.56,-0.95,0
20210608,0.18,1.14,-0.31,0
20210609,-0.29,-0.3,-0.84,0
20210610,0.41,-0.89,-2.05,0
20210611,0.37,0.67,0.17,0
20210614,0.15,-0.31,-1.62,0
20210615,-0.3,-0.01,1.28,0
20210616,-0.46,0.45,0.2,0
20210617,0.01,-0.49,-3.57,0
20210618,-1.23,-0.42,-1.44,0
20210621,1.36,0.61,1.06,0
20210622,0.58,0.04,-0.43,0
20210623,0,0.55,-0.29,0
20210624,0.69,0.66,0.23,0
20210625,0.31,-0.7,0.43,0
20210628,0.21,-0.51,-1.59,0
20210629,0.01,-0.24,-0.3,0
20210630,0.07,-0.11,0.75,0
20210701,0.44,0.36,0.44,0
20210702,0.56,-1.35,-0.7,0
20210706,-0.27,-0.64,-2,0
20210707,0.1,-0.9,0.08,0
20210708,-0.86,0.15,-0.79,0
20210709,1.26,0.62,1.57,0
20210712,0.23,-0.16,0.56,0
20210713,-0.55,-1.12,-0.41,0
20210714,-0.25,-1.16,0.35,0
20210715,-0.38,-0.35,0.79,0
20210716,-0.76,-0.23,-1.27,0
20210719,-1.42,0.32,-1.77,0
20210720,1.7,0.8,0.14,0
20210721,0.95,0.63,0.81,0
20210722,0.1,-1.33,-1.02,0
20210723,0.99,-0.1,-0.45,0
20210726,0.18,-0.1,1.33,0
20210727,-0.65,-0.65,0.59,0
20210728,0.27,1.4,-0.64,0
20210729,0.41,0,0.94,0
20210730,-0.65,-0.07,-0.18,0
20210802,-0.12,-0.13,-0.45,0
20210803,0.73,-0.47,0.93,0
20210804,-0.39,-0.61,-1.57,0
20210805,0.74,1.13,-0.12,0
20210806,0.09,0.06,1.88,0
20210809,0,-0.36,-0.27,0
20210810,0.06,0.01,1.82,0
20210811,0.2,-0.01,1.44,0
20210812,0.24,-0.59,-0.41,0
20210813,0.02,-0.84,-0.27,0
20210816,-0.03,-0.85,0.06,0
20210817,-0.79,-0.45,-0.13,0
20210818,-0.96,0.11,-0.18,0
20210819,-0.13,-0.79,-0.83,0
20210820,0.92,1,-0.5,0
20210823,1.07,0.93,-0.83,0
20210824,0.4,0.36,0.35,0
20210825,0.27,-0.04,0.36,0
20210826,-0.65,-0.39,-0.33,0
20210827,1.07,1.61,0.31,0
20210830,0.35,-0.33,-1.39,0
20210831,-0.13,0.44,-0.04,0
20210901,0.11,0.59,-0.96,0
20210902,0.35,0.1,-0.02,0
20210903,-0.02,-0.38,-0.28,0
20210907,-0.36,-0.13,-0.08,0
20210908,-0.33,-0.82,0.07,0
20210909,-0.28,0.24,0.09,0
20210910,-0.76,-0.08,0.02,0
20210913,0.14,-0.07,1.35,0
20210914,-0.66,-0.49,-0.97,0
20210915,0.88,0.02,0.67,0
20210916,-0.05,0.04,-0.58,0
20210917,-0.74,0.98,-0.05,0
20210920,-1.86,-0.57,0.22,0
20210921,0.03,0.46,-0.68,0
20210922,1,0.12,0.61,0
20210923,1.28,0.36,0.92,0
20210924,0.09,-0.47,0.71,0
20210927,-0.11,1.26,2.44,0
20210928,-2.17,-0.43,1.76,0
20210929,0.04,-0.3,0.81,0
20210930,-1.03,0.31,-0.77,0
20211001,1.12,0.41,0.51,0
20211004,-1.42,-0.02,2.35,0
20211005,1.06,-0.52,-0.07,0
20211006,0.34,-0.86,-0.5,0
20211007,1.01,0.53,-0.18,0
20211008,-0.27,-0.6,1.13,0
20211011,-0.72,0.32,-0.28,0
20211012,-0.07,0.63,-0.43,0
20211013,0.43,0.14,-1.05,0
20211014,1.65,-0.32,-0.28,0
20211015,0.64,-1.19,0.29,0
20211018,0.4,-0.23,-0.01,0
20211019,0.7,-0.49,-0.24,0
20211020,0.34,-0.02,1.2,0
20211021,0.36,0.21,-0.99,0
20211022,-0.25,-0.23,1.02,0
20211025,0.56,0.49,-0.13,0
20211026,0.05,-0.7,-0.3,0
20211027,-0.76,-0.72,-1.2,0
20211028,1.11,0.88,-0.5,0
20211029,0.21,0.19,-0.83,0
20211101,0.5,2,0.44,0
20211102,0.25,-0.29,-0.55,0
20211103,0.79,1.45,-0.16,0
20211104,0.39,-0.02,-1.38,0
20211105,0.37,0.68,1.22,0
20211108,0.16,0.02,0.1,0
20211109,-0.34,-0.18,0.46,0
20211110,-1.04,-0.66,0.95,0
20211111,0.17,0.53,0.34,0
20211112,0.74,-0.32,-0.91,0
20211115,-0.06,-0.52,0.7,0
20211116,0.44,0.04,-0.68,0
20211117,-0.41,-0.57,-0.26,0
20211118,0.14,-0.56,-0.06,0
20211119,-0.25,-0.17,-1.31,0
20211122,-0.57,-0.54,2.78,0
20211123,-0.02,-0.52,1.77,0
20211124,0.3,0.03,-0.87,0
20211126,-2.23,-1.22,-0.95,0
20211129,1.1,-1.02,-0.78,0
20211130,-1.95,0.53,-1.13,0
20211201,-1.59,-0.78,1.09,0
20211202,1.53,0.72,1.24,0
20211203,-1.18,-1.15,1.08,0
20211206,1.2,0.76,0.63,0
20211207,2.22,0.2,-1.78,0
20211208,0.46,0.67,-0.85,0
20211209,-1.04,-1.36,1.55,0
20211210,0.71,-0.83,0.52,0
20211213,-1.04,-0.3,-0.99,0
20211214,-0.76,-0.68,1.65,0
20211215,1.62,0.38,-1.91,0
20211216,-1.19,-1.6,2.8,0
20211217,-0.66,1.89,-2.34,0
20211220,-1.26,-0.16,-0.41,0
20211221,2.06,0.82,0.19,0
20211222,0.97,0.26,-0.35,0
20211223,0.72,0.35,-0.49,0
20211227,1.23,-0.1,0.31,0
20211228,-0.26,-0.6,0.82,0
20211229,0.07,-0.06,0.17,0
20211230,-0.17,0.1,-0.41,0
20211231,-0.31,0.05,0.52,0
20220103,0.72,0.35,0.77,0
20220104,-0.27,-0.81,3.64,0
20220105,-2.26,-1.46,2.58,0
20220106,0,0.21,1.76,0
20220107,-0.49,-1.32,2.02,0
20220110,-0.14,-0.24,-0.26,0
20220111,1.08,-0.09,-0.27,0
20220112,0.13,-0.89,0.52,0
20220113,-1.55,0.32,2.39,0
20220114,0.08,0.18,0.55,0
20220118,-2.06,-1.04,1.38,0
20220119,-1.02,-0.32,-0.67,0
20220120,-1.15,-0.86,-0.23,0
20220121,-2.09,0.28,0.47,0
20220124,0.53,1.81,-0.25,0
20220125,-1.42,-0.61,2.8,0
20220126,-0.29,-1.07,0.1,0
20220127,-0.76,-1.65,0.83,0
20220128,2.46,-0.15,-2.08,0
20220131,2.32,1.31,-2.87,0
20220201,0.87,0.06,0.65,0
20220202,0.51,-1.73,0.7,0
20220203,-2.48,-0.06,2.19,0
20220204,0.89,-0.02,-0.6,0
20220207,-0.24,0.55,0.2,0
20220208,1.02,0.67,-0.29,0
20220209,1.6,0.24,-1.96,0
20220210,-1.69,-0.14,1.23,0
20220211,-1.91,0.61,2.13,0
20220214,-0.35,0.22,-0.62,0
20220215,1.85,1.31,-1.4,0
20220216,-0.02,-0.1,0.32,0
20220217,-2.29,-0.3,1.15,0
20220218,-0.85,-0.09,0.95,0
20220222,-1.17,-0.48,0.09,0
20220223,-1.95,-0.2,1.25,0
20220224,1.87,1.5,-3.88,0
20220225,2.24,-0.42,1.19,0
20220228,0.03,0.63,-0.46,0
20220301,-1.55,-0.11,-0.85,0
20220302,1.82,0.46,1.3,0
20220303,-0.86,-0.57,1.51,0
20220304,-1.09,-0.67,0.72,0
20220307,-3.14,0.57,0.89,0
20220308,-0.53,1.03,0.3,0
20220309,2.79,0.36,-2.17,0
20220310,-0.47,0.11,1.18,0
20220311,-1.48,-0.44,1.76,0
20220314,-1.04,-1.34,1.79,0
20220315,2.15,-0.15,-2.37,0
20220316,2.6,0.8,-1.85,0
20220317,1.42,0.29,-1.06,0
20220318,1.32,0.28,-1.87,0
20220321,-0.17,-1.12,1.64,0
20220322,1.3,0.05,-1.19,0
20220323,-1.25,-0.64,0.4,0
20220324,1.42,-0.08,-0.82,0
20220325,0.28,-0.59,2.19,0
20220328,0.73,-0.56,-1.72,0
20220329,1.43,1.53,-1.92,0
20220330,-0.82,-1.29,0.4,0
20220331,-1.54,0.72,-0.45,0
20220401,0.39,0.7,-0.61,0
20220404,0.93,-0.06,-1.86,0
20220405,-1.53,-0.96,0.82,0
20220406,-1.23,-0.66,1.08,0
20220407,0.34,-0.61,-0.12,0
20220408,-0.38,-0.99,2.27,0
20220411,-1.54,0.29,1.05,0
20220412,-0.29,0.54,0.47,0
20220413,1.39,0.92,-0.71,0
20220414,-1.28,0.02,1.43,0
20220418,-0.19,-0.81,1.8,0
20220419,1.76,0.59,-0.97,0
20220420,-0.27,0.2,1.26,0
20220421,-1.73,-0.73,0.41,0
20220422,-2.74,0.33,-0.18,0
20220425,0.7,0.44,-1.86,0
20220426,-2.99,-0.68,1.8,0
20220427,0.13,-0.61,0.34,0
20220428,2.45,-0.19,-0.42,0
20220429,-3.54,0.74,0.61,0
20220502,0.8,0.6,-1.16,0
20220503,0.41,-0.17,1.65,0
20220504,3.01,-0.45,0.24,0
20220505,-3.8,-0.79,2.37,0
20220506,-0.85,-1.34,1.84,0
20220509,-3.52,-0.51,1.33,0
20220510,0.22,-0.22,-1.22,0
20220511,-1.93,-1.13,2.61,0
20220512,0.15,1.29,-1.23,0
20220513,2.74,0.88,-2.18,0
20220516,-0.59,-0.2,1.31,0
20220517,2.13,0.96,-0.05,0
20220518,-4.06,0.21,1.54,0
20220519,-0.34,0.49,-0.81,0
20220520,-0.05,-0.11,-0.19,0
20220523,1.75,-1.06,1.31,0
20220524,-1.21,-0.92,1.83,0
20220525,1.21,0.79,0.2,0
20220526,2.18,0.19,-0.61,0
20220527,2.58,0.36,-1.28,0
20220531,-0.71,-0.5,0.46,0
20220601,-0.74,0.2,0.8,0
20220602,2.08,0.84,-2.08,0
20220603,-1.63,0.85,0.55,0
20220606,0.33,-0.02,0.66,0
20220607,1,0.33,-0.15,0
20220608,-1.02,-0.09,-0.52,0
20220609,-2.43,0.32,0.26,0
20220610,-3,0.09,0.66,0
20220613,-4.12,-0.65,0.6,0
20220614,-0.26,0.22,0.11,0
20220615,1.55,0.28,-1.67,0
20220616,-3.52,-1.18,0,0
20220617,0.45,1.11,-2.68,0
20220621,2.38,-0.76,0.24,0
20220622,-0.19,0.2,-1.82,0
20220623,1.12,0.8,-3.89,0
20220624,3.13,-0.39,-0.01,0
20220627,-0.27,0.56,1.25,0
20220628,-2.09,-0.36,2.4,0
20220629,-0.19,-0.44,-1.33,0
20220630,-0.96,0.41,-0.14,0
20220701,1.15,0.03,0.12,0
20220705,0.48,1.83,-3.34,0
20220706,0.17,-0.75,-0.76,0
20220707,1.76,0.98,-0.95,0
20220708,-0.07,0.12,-0.08,0
20220711,-1.38,-1.32,1.61,0
20220712,-0.89,0.74,0.52,0
20220713,-0.39,0.44,-0.41,0
20220714,-0.41,-0.26,-1.01,0
20220715,1.96,-0.06,0.5,0
20220718,-0.71,0.22,1.01,0
20220719,2.81,0.89,-0.54,0
20220720,0.89,1.5,-1.32,0
20220721,0.97,0.01,-1.61,0
20220722,-1.18,-1.09,1.39,0
20220725,0.12,-0.3,1.65,0
20220726,-1.32,0.09,1.07,0
20220727,2.72,0.49,-1.27,0
20220728,1.19,0.11,-0.91,0
20220729,1.45,-0.94,0.45,0
20220801,-0.2,0.32,-0.24,0.01
20220802,-0.5,0.91,-1.41,0.01
20220803,1.67,0.75,-1.95,0.01
20220804,-0.05,0.84,-1.65,0.01
20220805,-0.04,0.87,-0.05,0.01
20220808,0,0.93,-0.09,0.01
20220809,-0.67,-1.8,2.1,0.01
20220810,2.35,1.14,-1.62,0.01
20220811,-0.07,-0.25,1.67,0.01
20220812,1.76,0.65,-0.79,0.01
20220815,0.38,0.14,-0.61,0.01
20220816,0.19,-0.34,0.7,0.01
20220817,-0.92,-1.17,1.04,0.01
20220818,0.27,0.19,0.45,0.01
20220819,-1.49,-1.17,0.98,0.01
20220822,-2.13,-0.18,0.34,0.01
20220823,-0.11,0.02,0.31,0.01
20220824,0.39,0.65,-0.62,0.01
20220825,1.45,0.17,-0.01,0.01
20220826,-3.37,-0.55,1.66,0.01
20220829,-0.71,-0.58,0.44,0.01
20220830,-1.11,-0.25,-0.22,0.01
20220831,-0.75,0.29,-0.46,0.01
20220901,0,-1.11,-0.28,0.01
20220902,-0.99,-0.06,1.03,0.01
20220906,-0.51,-0.45,-0.54,0.01
20220907,1.92,0.71,-1.53,0.01
20220908,0.78,-0.08,-0.18,0.01
20220909,1.67,0.52,-0.51,0.01
20220912,1.07,0.28,-0.17,0.01
20220913,-4.29,-0.17,1.41,0.01
20220914,0.44,-0.02,-0.32,0.01
20220915,-1.04,0.34,0.61,0.01
20220916,-0.98,-0.84,0.86,0.01
20220919,0.72,-0.16,0.68,0.01
20220920,-1.15,-0.21,0.03,0.01
20220921,-1.68,0.37,0.06,0.01
20220922,-1.14,-1.34,0.44,0.01
20220923,-1.85,-0.25,-0.8,0.01
20220926,-1.02,0.18,-0.75,0.01
20220927,-0.04,0.65,-0.97,0.01
20220928,2.14,0.9,-0.36,0.01
20220929,-2.16,-0.5,0.92,0.01
20220930,-1.43,0.5,0.27,0.01
20221003,2.56,-0.3,0.7,0.01
20221004,3.29,0.8,-0.09,0.01
20221005,-0.21,-0.35,0.04,0.01
20221006,-0.85,0.52,0.12,0.01
20221007,-2.9,-0.62,1.68,0.01
20221010,-0.8,0.05,0.76,0.01
20221011,-0.7,0.55,0.33,0.01
20221012,-0.27,0.07,0.04,0.01
20221013,2.41,-0.62,1.57,0.01
20221014,-2.45,-0.45,1.23,0.01
20221017,2.74,0.69,-1.41,0.01
20221018,1.18,-0.1,-0.02,0.01
20221019,-0.87,-1.33,1.19,0.01
20221020,-0.8,-0.28,-0.45,0.01
20221021,2.3,-0.19,0.09,0.01
20221024,1.04,-0.71,0.47,0.01
20221025,1.78,1.35,-1.53,0.01
20221026,-0.66,0.42,0.89,0.01
20221027,-0.54,0.33,1.08,0.01
20221028,2.33,-0.03,-0.34,0.01
20221031,-0.68,0.38,0.73,0.01
20221101,-0.35,0.16,0.8,0.01
20221102,-2.67,-1.2,1.6,0.01
20221103,-1.03,0.28,0.28,0.01
20221104,1.16,-0.62,1.28,0.01
20221107,0.87,-0.5,0.6,0.01
20221108,0.51,-0.47,-0.4,0.01
20221109,-2.24,-0.63,0.55,0.01
20221110,5.68,1.61,-3.09,0.01
20221111,1.06,0.28,-1.05,0.01
20221114,-0.95,-0.36,0.35,0.01
20221115,1.03,0.69,-0.73,0.01
20221116,-1.02,-1.23,0.58,0.01
20221117,-0.42,-0.53,0.56,0.01
20221118,0.4,-0.16,0.11,0.01
20221121,-0.52,-0.37,0.99,0.01
20221122,1.36,-0.52,0.44,0.01
20221123,0.63,0.02,-0.93,0.01
20221125,-0.03,0.22,0.43,0.01
20221128,-1.55,-0.42,-0.19,0.01
20221129,-0.18,0.1,1.04,0.01
20221130,3.12,0.35,-2.08,0.01
20221201,-0.02,0.24,-0.69,0.02
20221202,-0.08,0.91,-0.56,0.02
20221205,-2.02,-0.6,-0.54,0.02
20221206,-1.51,-0.25,1.14,0.02
20221207,-0.24,-0.14,-0.32,0.02
20221208,0.76,0.2,-1.2,0.02
20221209,-0.8,-0.54,0.34,0.02
20221212,1.41,-0.31,-0.16,0.02
20221213,0.66,0.17,-0.77,0.02
20221214,-0.56,0.02,-0.45,0.02
20221215,-2.57,-0.38,1.39,0.02
20221216,-1.02,0.52,0.17,0.02
20221219,-1,-0.78,1.25,0.02
20221220,0.13,0.2,0.25,0.02
20221221,1.53,0.13,-0.12,0.02
20221222,-1.52,0.08,0.38,0.02
20221223,0.52,-0.61,1.16,0.02
20221227,-0.5,-0.73,1.42,0.02
20221228,-1.24,-0.24,-0.28,0.02
20221229,1.87,1.26,-1.06,0.02
20221230,-0.22,0.13,-0.04,0.02
20230103,-0.47,0.08,-0.1,0.02
20230104,0.81,0.54,0.05,0.02
20230105,-1.14,-0.18,1.2,0.02
20230106,2.21,-0.05,0.03,0.02
20230109,0.03,0.55,-1.23,0.02
20230110,0.79,0.91,-0.56,0.02
20230111,1.25,0.17,-0.83,0.02
20230112,0.45,1.43,-0.27,0.02
20230113,0.46,0.3,-0.3,0.02
20230117,-0.18,0.2,-0.55,0.02
20230118,-1.55,0.03,-0.71,0.02
20230119,-0.86,-0.28,0.84,0.02
20230120,1.94,0.14,-0.68,0.02
20230123,1.28,0.17,-0.99,0.02
20230124,-0.16,-0.22,0.18,0.02
20230125,0,-0.05,0.69,0.02
20230126,1.08,-0.58,0.01,0.02
20230127,0.34,0.63,-1.13,0.02
20230130,-1.38,-0.12,0.74,0.02
20230131,1.58,1.02,-0.06,0.02
20230201,1.19,1,-1.65,0.02
20230202,1.54,1.63,-2.07,0.02
20230203,-1.08,0.08,0.98,0.02
20230206,-0.73,-0.82,0.43,0.02
20230207,1.25,-0.51,-0.04,0.02
20230208,-1.18,-0.68,0.71,0.02
20230209,-0.94,-0.63,0.21,0.02
20230210,0.12,-0.69,1.5,0.02
20230213,1.14,0.19,-0.73,0.02
20230214,0.12,0.16,-0.68,0.02
20230215,0.5,1.04,-0.91,0.02
20230216,-1.37,-0.04,0.97,0.02
20230217,-0.28,0.68,-0.14,0.02
20230221,-2.16,-1.25,0.88,0.02
20230222,-0.04,0.52,-0.46,0.02
20230223,0.47,0.22,-0.23,0.02
20230224,-1.08,-0.5,1.26,0.02
20230227,0.31,0.16,-0.3,0.02
20230228,-0.26,0.62,-0.69,0.02
20230301,-0.41,0.2,0.62,0.02
20230302,0.67,-0.37,-0.44,0.02
20230303,1.61,0,-0.54,0.02
20230306,-0.13,-1.62,-0.08,0.02
20230307,-1.45,0.74,-0.67,0.02
20230308,0.08,0.17,-0.39,0.02
20230309,-2.02,-0.68,-0.76,0.02
20230310,-1.68,-1.53,0.72,0.02
20230313,-0.34,-0.63,-3.6,0.02
20230314,1.72,0.15,-0.36,0.02
20230315,-0.79,-0.08,-1.84,0.02
20230316,1.76,0.18,-0.16,0.02
20230317,-1.21,-0.83,-1.63,0.02
20230320,0.84,-0.61,0.78,0.02
20230321,1.48,0.45,0.73,0.02
20230322,-1.74,-0.8,-0.53,0.02
20230323,0.21,-0.19,-1.54,0.02
20230324,0.46,0.13,0.71,0.02
20230327,0.27,0.22,1.03,0.02
20230328,-0.17,-0.18,0.75,0.02
20230329,1.39,-0.3,-0.54,0.02
20230330,0.51,-0.55,-0.6,0.02
20230331,1.53,0.67,-0.76,0.02
20230403,0.28,-0.47,0.79,0.02
20230404,-0.72,-0.96,-0.72,0.02
20230405,-0.39,-1.39,1.4,0.02
20230406,0.34,0.06,-0.51,0.02
20230410,0.2,0.79,0.26,0.02
20230411,0.06,0.46,0.55,0.02
20230412,-0.51,-0.55,0.37,0.02
20230413,1.39,0.35,-1.19,0.02
20230414,-0.23,-0.95,0.2,0.02
20230417,0.33,0.8,-0.2,0.02
20230418,0.04,-0.44,-0.31,0.02
20230419,-0.04,0.29,0.42,0.02
20230420,-0.61,0.09,-0.28,0.02
20230421,0.08,0.26,-0.94,0.02
20230424,0,-0.39,0.46,0.02
20230425,-1.76,-0.98,0.09,0.02
20230426,-0.41,0.14,-0.74,0.02
20230427,1.85,-0.56,0,0.02
20230428,0.78,0.13,0.19,0.02
20230501,-0.02,0.29,-0.82,0.02
20230502,-1.27,-0.56,-1.46,0.02
20230503,-0.57,1.07,-1.03,0.02
20230504,-0.78,-0.34,-1.04,0.02
20230505,1.91,0.42,0.69,0.02
20230508,0.07,-0.31,-0.3,0.02
20230509,-0.43,0.12,-0.02,0.02
20230510,0.43,0.46,-1.32,0.02
20230511,-0.2,-0.49,-0.09,0.02
20230512,-0.22,-0.19,0.34,0.02
20230515,0.46,0.84,0.01,0.02
20230516,-0.72,-0.33,-0.48,0.02
20230517,1.31,0.89,1.22,0.02
20230518,0.99,-0.07,-0.38,0.02
20230519,-0.26,-0.45,-0.32,0.02
20230522,0.17,1.27,-0.2,0.02
20230523,-1.1,0.39,1.09,0.02
20230524,-0.72,-0.31,-0.2,0.02
20230525,0.65,-0.71,-1.08,0.02
20230526,1.32,0.03,-0.85,0.02
20230530,-0.01,-0.15,-0.42,0.02
20230531,-0.6,-0.11,-1.16,0.02
20230601,1.02,0.15,-0.06,0.02
20230602,1.62,1.56,1.66,0.02
20230605,-0.26,-1.01,-0.75,0.02
20230606,0.46,2.13,1.35,0.02
20230607,-0.36,1.36,2.28,0.02
20230608,0.59,-0.49,-1.16,0.02
20230609,0.03,-0.71,-0.41,0.02
20230612,0.94,0.04,-1.41,0.02
20230613,0.74,0.59,0.06,0.02
20230614,-0.03,-0.9,-0.92,0.02
20230615,1.22,-0.37,0.09,0.02
20230616,-0.45,-0.55,0.22,0.02
20230620,-0.48,0.43,-0.69,0.02
20230621,-0.56,0.02,0.53,0.02
20230622,0.32,-0.67,-1.26,0.02
20230623,-0.84,-0.63,0.07,0.02
20230626,-0.48,-0.34,1.29,0.02
20230627,1.21,0.48,-0.51,0.02
20230628,0.03,0.55,-0.43,0.02
20230629,0.44,0.53,0.78,0.02
20230630,1.14,-0.64,-0.78,0.02
20230703,0.15,0.01,1.06,0.02
20230705,-0.29,-0.95,-0.26,0.02
20230706,-0.94,-0.51,-0.69,0.02
20230707,-0.13,1.06,1.21,0.02
20230710,0.36,1.28,-0.01,0.02
20230711,0.76,0.03,0.48,0.02
20230712,0.74,0.31,0.46,0.02
20230713,0.9,0.05,-0.1,0.02
20230714,-0.25,-0.3,-1.52,0.02
20230717,0.48,0.76,-0.27,0.02
20230718,0.78,0.21,1.08,0.02
20230719,0.25,-0.07,1.32,0.02
20230720,-0.81,-0.58,0.65,0.02
20230721,-0.05,-0.33,-0.36,0.02
20230724,0.31,-0.28,0.76,0.02
20230725,0.25,-0.05,-0.78,0.02
20230726,0.01,0.68,1.02,0.02
20230727,-0.74,-0.91,0.28,0.02
20230728,1.13,0.55,-0.34,0.02
20230731,0.25,1.08,-0.09,0.02
20230801,-0.34,-0.17,0.31,0.02
20230802,-1.49,-0.18,0.57,0.02
20230803,-0.19,-0.04,0.08,0.02
20230804,-0.48,0.03,0.76,0.02
20230807,0.77,-1.16,0.6,0.02
20230808,-0.47,0.04,0.15,0.02
20230809,-0.78,-0.07,-0.04,0.02
20230810,0.01,-0.32,-0.67,0.02
20230811,-0.11,0.12,0.45,0.02
20230814,0.51,-0.66,-0.77,0.02
20230815,-1.18,0.24,-1.03,0.02
20230816,-0.81,-0.4,-0.14,0.02
20230817,-0.87,-0.32,0.49,0.02
20230818,0.04,0.41,-0.22,0.02
20230821,0.64,-0.68,-0.59,0.02
20230822,-0.32,0.23,-1.04,0.02
20230823,1.08,-0.1,-0.12,0.02
20230824,-1.42,-0.19,0.61,0.02
20230825,0.65,-0.07,-0.57,0.02
20230828,0.63,-0.02,0.41,0.02
20230829,1.5,0.01,-0.12,0.02
20230830,0.41,0.24,-0.46,0.02
20230831,-0.08,-0.23,0.22,0.02
20230901,0.26,0.67,0.58,0.02
20230905,-0.54,-1.36,-0.87,0.02
20230906,-0.71,-0.01,-0.18,0.02
20230907,-0.4,-0.63,0.02,0.02
20230908,0.12,-0.62,0.4,0.02
20230911,0.66,-0.26,-0.52,0.02
20230912,-0.59,-0.25,1.01,0.02
20230913,0.03,-0.79,-0.2,0.02
20230914,0.83,0.22,0.86,0.02
20230915,-1.21,0.15,0.25,0.02
20230918,-0.04,-0.83,-0.18,0.02
20230919,-0.26,-0.12,0,0.02
20230920,-0.95,-0.1,0.26,0.02
20230921,-1.68,0.19,0.38,0.02
20230922,-0.25,0.01,-0.5,0.02
20230925,0.39,-0.11,0.33,0.02
20230926,-1.46,0.4,-0.5,0.02
20230927,0.13,0.69,0.1,0.02
20230928,0.65,0.16,0.03,0.02
20230929,-0.27,-0.04,0.32,0.02
20231002,-0.14,-0.92,-1.05,0.02
20231003,-1.49,-0.33,-0.14,0.02
20231004,0.77,-0.27,-0.37,0.02
20231005,-0.15,0.31,0.1,0.02
20231006,1.21,-0.3,-0.56,0.02
20231009,0.59,-0.31,0.25,0.02
20231010,0.6,0.16,0.63,0.02
20231011,0.33,-0.67,0.38,0.02
20231012,-0.81,-1.47,0.11,0.02
20231013,-0.59,-0.46,0.06,0.02
20231016,1.13,0.61,-0.1,0.02
20231017,0.09,0.87,0.7,0.02
20231018,-1.46,-0.63,-0.18,0.02
20231019,-0.92,-0.5,-0.22,0.02
20231020,-1.32,0.06,-0.15,0.02
20231023,-0.23,-0.26,-0.78,0.02
20231024,0.74,0.25,-0.58,0.02
20231025,-1.57,-0.31,0.85,0.02
20231026,-1.15,0.85,1.68,0.02
20231027,-0.52,-0.35,-0.59,0.02
20231030,1.15,-0.38,0.29,0.02
20231031,0.63,0.05,-0.06,0.02
20231101,0.93,-0.63,-0.02,0.02
20231102,1.94,0.47,1.63,0.02
20231103,1.1,1.61,0.61,0.02
20231106,0.01,-1.07,-0.64,0.02
20231107,0.35,-0.01,-1.22,0.02
20231108,-0.03,-0.82,-0.46,0.02
20231109,-0.89,-1.08,0.49,0.02
20231110,1.49,-0.58,-0.44,0.02
20231113,-0.05,0.15,-0.26,0.02
20231114,2.18,2.99,1.19,0.02
20231115,0.18,-0.05,0.49,0.02
20231116,-0.11,-1.4,-0.3,0.02
20231117,0.25,0.99,0.63,0.02
20231120,0.73,0,-0.29,0.02
20231121,-0.32,-0.8,-0.61,0.02
20231122,0.47,0.21,-0.04,0.02
20231124,0.11,0.59,0.18,0.02
20231127,-0.23,-0.11,-0.09,0.02
20231128,0.05,-0.29,0.04,0.02
20231129,0.01,0.43,0.69,0.02
20231130,0.35,-0.46,0.01,0.02
20231201,0.81,2.06,1.07,0.02
20231204,-0.44,1.41,0.51,0.02
20231205,-0.21,-0.83,-0.83,0.02
20231206,-0.4,0.3,0.32,0.02
20231207,0.81,0.06,0.47,0.02
20231208,0.44,0.01,0.52,0.02
20231211,0.36,-0.39,-0.12,0.02
20231212,0.34,-0.43,-0.88,0.02
20231213,1.54,1.72,1.35,0.02
20231214,0.5,1.11,2.03,0.02
20231215,-0.06,-0.4,-0.57,0.02
20231218,0.42,-0.4,-0.36,0.02
20231219,0.71,1.36,0.69,0.02
20231220,-1.55,-0.37,0.13,0.02
20231221,1.09,0.74,-0.04,0.02
20231222,0.2,0.64,0.1,0.02
20231226,0.48,0.7,0.44,0.02
20231227,0.16,0.13,0.11,0.02
20231228,-0.01,-0.36,0.03,0.02
20231229,-0.43,-1.12,-0.37,0.02
20240102,-0.7,-0.55,0.78,0.02
20240103,-1.01,-1.94,-0.11,0.02
20240104,-0.33,0.21,0.09,0.02
20240105,0.15,-0.81,0.63,0.02
20240108,1.49,0.9,-1.27,0.02
20240109,-0.21,-0.44,-0.89,0.02
20240110,0.51,-0.1,-0.44,0.02
20240111,-0.14,-0.45,-0.52,0.02
20240112,-0.01,-0.11,-0.49,0.02
20240116,-0.47,-0.76,-0.61,0.02
20240117,-0.59,-0.08,-0.25,0.02
20240118,0.87,-0.1,-0.35,0.02
20240119,1.19,-0.47,0.67,0.02
20240122,0.38,1.73,0.58,0.02
20240123,0.22,-0.66,-0.55,0.02
20240124,-0.01,-0.74,0.05,0.02
20240125,0.46,0.04,0.57,0.02
20240126,-0.02,0.41,-0.27,0.02
20240129,0.85,1.07,-0.59,0.02
20240130,-0.12,-1.27,0.85,0.02
20240131,-1.74,-0.92,-0.29,0.02
20240201,1.22,0.64,-1.35,0.02
20240202,0.99,-1.43,-0.51,0.02
20240205,-0.41,-0.73,-0.66,0.02
20240206,0.27,0.85,-0.47,0.02
20240207,0.77,-0.9,-0.61,0.02
20240208,0.21,1.49,0.01,0.02
20240209,0.65,1,-0.42,0.02
20240212,0.04,1.29,1.11,0.02
20240213,-1.6,-2.4,-0.65,0.02
20240214,1.14,1.57,-0.22,0.02
20240215,0.67,0.84,1.04,0.02
20240216,-0.53,-0.66,-0.17,0.02
20240220,-0.73,-0.86,0.33,0.02
20240221,-0.02,-0.82,0.14,0.02
20240222,2.02,-1.2,-1.29,0.02
20240223,0.02,0.28,0,0.02
20240226,-0.26,1.01,-0.12,0.02
20240227,0.26,1.2,-0.44,0.02
20240228,-0.26,-0.86,-0.01,0.02
20240229,0.53,-0.36,0.98,0.02
20240301,0.76,0.09,-0.55,0.02
20240304,-0.18,-0.79,0.34,0.02
20240305,-1.07,-0.32,1.17,0.02
20240306,0.53,-0.16,-0.03,0.02
20240307,1.02,-0.47,0.03,0.02
20240308,-0.66,0.5,0.57,0.02
20240311,-0.2,-0.71,0.4,0.02
20240312,1.04,-0.97,-0.69,0.02
20240313,-0.14,0.3,-0.02,0.02
20240314,-0.42,-1.31,-1.04,0.02
20240315,-0.58,0.75,0.79,0.02
20240318,0.53,-1.02,-0.25,0.02
20240319,0.54,0.53,-0.27,0.02
20240320,1.02,0.91,1.01,0.02
20240321,0.42,0.04,0.95,0.02
20240322,-0.23,-0.86,-0.53,0.02
20240325,-0.27,-0.24,0.86,0.02
20240326,-0.26,0.09,-0.13,0.02
20240327,0.88,1.04,0.91,0.02
20240328,0.11,0.29,0.48,0.02
20240401,-0.26,-0.9,-0.28,0.02
20240402,-0.85,-1.1,0.03,0.02
20240403,0.17,0.31,-0.03,0.02
20240404,-1.22,0.17,0.15,0.02
20240405,1.06,-0.32,-0.68,0.02
20240408,0.01,0.52,0.14,0.02
20240409,0.13,0.37,-0.32,0.02
20240410,-1,-1.37,-1.04,0.02
20240411,0.73,0.24,-0.62,0.02
20240412,-1.53,-0.33,0.11,0.02
20240415,-1.29,-0.47,0.76,0.02
20240416,-0.23,-0.03,-0.83,0.02
20240417,-0.64,-0.48,0.56,0.02
20240418,-0.27,-0.28,0.87,0.02
20240419,-0.82,0.82,1.9,0.02
20240422,0.87,-0.21,0.54,0.02
20240423,1.27,0.59,0,0.02
20240424,-0.01,-0.31,0.27,0.02
20240425,-0.47,-0.31,-0.2,0.02
20240426,1.03,0.46,-1.07,0.02
20240429,0.33,0.38,-0.48,0.02
20240430,-1.67,-0.19,-0.25,0.02
20240501,-0.27,1.09,0.03,0.02
20240502,1.01,0.72,-0.03,0.02
20240503,1.18,0.02,-0.19,0.02
20240506,1.08,0.02,-0.06,0.02
20240507,0.05,0.07,-0.6,0.02
20240508,-0.09,-0.54,0.58,0.02
20240509,0.52,0.42,0.37,0.02
20240510,0.09,-0.92,0.01,0.02
20240513,-0.04,0.24,-0.26,0.02
20240514,0.56,0.52,0.02,0.02
20240515,1.15,-0.35,-0.22,0.02
20240516,-0.25,-0.15,-0.01,0.02
20240517,0.11,-0.24,0.4,0.02
20240520,0.14,0.27,-0.88,0.02
20240521,0.16,-0.45,0.18,0.02
20240522,-0.35,-0.28,-0.37,0.02
20240523,-0.84,-0.59,-0.64,0.02
20240524,0.71,0.04,0.15,0.02
20240528,-0.04,0.29,-0.88,0.02
20240529,-0.77,-0.29,-0.62,0.02
20240530,-0.53,1.03,1,0.02
20240531,0.68,-0.36,0.78,0.02
20240603,0.05,-0.2,-0.57,0.02
20240604,-0.06,-0.99,-0.76,0.02
20240605,1.23,0.48,-0.61,0.02
20240606,-0.06,-0.45,-0.07,0.02
20240607,-0.23,-0.99,0.07,0.02
20240610,0.27,-0.12,-0.28,0.02
20240611,0.2,0.13,-1.06,0.02
20240612,0.94,0.84,0.09,0.02
20240613,0.05,-0.85,-0.63,0.02
20240614,-0.16,-1.29,-0.64,0.02
20240617,0.78,-0.41,0.52,0.02
20240618,0.2,-0.54,0.37,0.02
20240620,-0.3,-0.37,0.25,0.02
20240621,-0.13,0.58,-0.51,0.02
20240624,-0.26,0.25,1.09,0.02
20240625,0.31,-0.56,-1.21,0.02
20240626,0.16,0.1,-0.21,0.02
20240627,0.14,0.72,-0.39,0.02
20240628,-0.35,0.72,1.27,0.02
20240701,0.23,-1,-0.48,0.02
20240702,0.57,-0.54,0.4,0.02
20240703,0.48,-0.03,-0.69,0.02
20240705,0.48,-0.47,-1.43,0.02
20240708,0.1,0.62,-0.19,0.02
20240709,0,-0.6,0.5,0.02
20240710,0.97,-0.07,0.41,0.02
20240711,-0.6,3.61,1.76,0.02
20240712,0.58,0.72,-0.47,0.02
20240715,0.38,0.98,0.57,0.02
20240716,0.82,2.35,1.34,0.02
20240717,-1.49,-0.31,2.46,0.02
20240718,-0.95,-1.09,0.03,0.02
20240719,-0.68,0.17,-0.13,0.02
20240722,1.08,0.88,-0.55,0.02
20240723,-0.07,1.29,0.01,0.02
20240724,-2.4,-0.66,1.73,0.02
20240725,-0.3,1.46,0.67,0.02
20240726,1.1,0.53,-0.17,0.02
20240729,-0.02,-1,-0.48,0.02
20240730,-0.49,0.09,1.37,0.02
20240731,1.52,-0.34,-1.34,0.02
20240801,-1.61,-1.31,-0.65,0.02
20240802,-2.11,-1.01,-0.76,0.02
20240805,-3.02,-0.46,0.01,0.02
20240806,1,0.02,-0.57,0.02
20240807,-0.83,-0.77,0.72,0.02
20240808,2.38,0.43,-0.81,0.02
20240809,0.43,-0.76,-0.34,0.02
20240812,-0.08,-0.66,-0.59,0.02
20240813,1.69,0.58,-0.74,0.02
20240814,0.3,-1.14,0.25,0.02
20240815,1.77,1.28,-0.75,0.02
20240816,0.22,-0.03,0.77,0.02
20240819,0.98,0.46,-0.26,0.02
20240820,-0.31,-0.67,-0.65,0.02
20240821,0.51,1.02,-0.64,0.02
20240822,-0.96,-0.68,1.37,0.02
20240823,1.29,1.91,0.84,0.02
20240826,-0.34,0.1,0.19,0.02
20240827,0.05,-0.84,0.02,0.02
20240828,-0.66,-0.56,1.15,0.02
20240829,0.07,0.38,0.3,0.02
20240830,0.98,-0.56,0.05,0.02
20240903,-2.26,-1.25,1.38,0.02
20240904,-0.22,0.15,-0.58,0.02
20240905,-0.31,0.27,-0.69,0.02
20240906,-1.82,-0.21,0.18,0.02
20240909,1.09,-0.83,-0.73,0.02
20240910,0.4,0.15,-0.83,0.02
20240911,1.04,-0.03,-1.64,0.02
20240912,0.8,0.62,-0.52,0.02
20240913,0.7,1.9,0.02,0.02
20240916,0.16,-0.34,0.91,0.02
20240917,0.08,0.53,0.55,0.02
20240918,-0.25,0.13,0.27,0.02
20240919,1.77,0.48,-0.2,0.02
20240920,-0.26,-0.73,-0.63,0.02
20240923,0.21,-0.81,-0.11,0.02
20240924,0.24,0.1,-0.58,0.02
20240925,-0.29,-0.65,-0.7,0.02
20240926,0.43,0.18,0.43,0.02
20240927,-0.09,0.43,0.56,0.02
20240930,0.36,-0.12,0.15,0.02
20241001,-0.97,-0.9,-0.03,0.02
20241002,0,-0.2,-0.18,0.02
20241003,-0.23,-0.61,0.19,0.02
20241004,1.03,0.39,0.28,0.02
20241007,-0.97,-0.16,0.29,0.02
20241008,0.87,-0.29,-1.14,0.02
20241009,0.69,-0.46,0.18,0.02
20241010,-0.2,-0.33,0.09,0.02
20241011,0.75,1.07,0.76,0.02
20241014,0.7,-0.03,-0.32,0.02
20241015,-0.72,0.76,0.51,0.02
20241016,0.52,0.91,0.54,0.02
20241017,-0.05,-0.09,0.16,0.02
20241018,0.36,-0.19,-0.75,0.02
20241021,-0.29,-1.03,-1.2,0.02
20241022,-0.11,-0.32,0.57,0.02
20241023,-0.97,-0.38,1.09,0.02
20241024,0.29,0.15,-0.29,0.02
20241025,-0.08,-0.02,-0.82,0.02
20241028,0.38,1.13,0.63,0.02
20241029,0.15,0.14,-1.08,0.02
20241030,-0.32,-0.08,0.75,0.02
20241031,-1.8,-0.39,0.64,0.02
20241101,0.47,0.61,-1.07,0.02
20241104,-0.27,0.82,-0.55,0.02
20241105,1.3,0.82,-0.14,0.02
20241106,2.91,1.87,3.5,0.02
20241107,0.66,-0.19,-2.76,0.02
20241108,0.43,0.4,-0.51,0.02
20241111,0.32,0.91,0.84,0.02
20241112,-0.38,-1.23,0.14,0.02
20241113,-0.12,-1.05,0.18,0.02
20241114,-0.71,-0.83,0.71,0.02
20241115,-1.38,-0.87,1.65,0.02
20241118,0.41,-0.38,-0.03,0.02
20241119,0.49,0.78,-1.64,0.02
20241120,0.04,0,-0.11,0.02
20241121,0.65,0.8,0.29,0.02
20241122,0.53,1.26,0.42,0.02
20241125,0.41,1.09,0.23,0.02
20241126,0.42,-0.94,-0.67,0.02
20241127,-0.4,0.26,0.47,0.02
20241129,0.54,0.13,-0.64,0.02
20241202,0.23,0.47,-0.65,0.02
20241203,0.04,-0.57,-0.56,0.02
20241204,0.7,0.4,-1.26,0.02
20241205,-0.28,-1.12,0.48,0.02
20241206,0.35,0.62,-1.06,0.02
20241209,-0.73,0.41,0.13,0.02
20241210,-0.36,-0.03,0.14,0.02
20241211,0.87,0.17,-0.58,0.02
20241212,-0.62,-0.86,0.41,0.02
20241213,-0.05,-0.48,-0.3,0.02
20241216,0.46,0.75,-1.06,0.02
20241217,-0.49,-0.43,-0.56,0.02
20241218,-3.17,-1.43,0.09,0.02
20241219,-0.12,-0.28,-0.01,0.02
20241220,1.07,-0.15,0.07,0.02
20241223,0.61,-0.71,-0.2,0.02
20241224,1.11,-0.09,-0.06,0.02
20241226,0.01,1.04,-0.18,0.02
20241227,-1.17,-0.65,0.57,0.02
20241230,-1.09,0.13,0.74,0.02
20241231,-0.46,0.01,0.71,0.02
20250102,-0.16,0.1,-0.32,0.02
20250103,1.34,0.6,-0.94,0.02
20250106,0.55,-0.37,-0.33,0.02
20250107,-1.18,-0.37,0.84,0.02
20250108,0.1,-0.61,-0.12,0.02
20250110,-1.55,-0.9,-0.19,0.02
20250113,0.12,-0.57,1.2,0.02
20250114,0.17,0.35,1.65,0.02
20250115,1.91,0.25,0.09,0.02
20250116,-0.19,0,0.17,0.02
20250117,0.96,-0.54,0.09,0.02
20250121,0.96,1.15,-1.02,0.02
20250122,0.54,-0.45,-1.22,0.02
20250123,0.48,0.06,-0.26,0.02
20250124,-0.27,-0.15,0.68,0.02
20250127,-1.49,-0.64,2.52,0.02
20250128,0.92,0.18,-1.65,0.02
20250129,-0.42,-0.04,0.49,0.02
20250130,0.58,0.37,-0.02,0.02
20250131,-0.53,-0.28,-0.18,0.02
20250203,-0.82,-0.71,-0.25,0.02
20250204,0.77,1,-0.11,0.02
20250205,0.39,0.48,0.3,0.02
20250206,0.29,-0.56,0.6,0.02
20250207,-0.98,-0.39,-0.02,0.02
20250210,0.66,0.3,-1.1,0.02
20250211,-0.14,-0.69,1.3,0.02
20250212,-0.31,-0.49,-0.65,0.02
20250213,1.1,0.35,-0.17,0.02
20250214,0.02,-0.18,0.47,0.02
20250218,0.25,-0.13,0.28,0.02
20250219,0.09,-0.63,-0.07,0.02
20250220,-0.61,-0.48,-0.14,0.02
20250221,-1.9,-1.12,0.77,0.02
20250224,-0.57,-1,1.19,0.02
20250225,-0.58,-0.12,0.7,0.02
20250226,0.02,0.18,-0.33,0.02
20250227,-1.65,-0.95,2.13,0.02
20250228,1.59,-0.8,0.13,0.02
20250303,-1.92,-1.23,1.07,0.02
20250304,-1.27,0.96,-2.1,0.02
20250305,1.16,0.38,-0.83,0.02
20250306,-1.92,-0.11,0.92,0.02
20250307,0.47,-0.01,-0.33,0.02
20250310,-2.9,-0.76,0.72,0.02
20250311,-0.63,0.97,-0.13,0.02
20250312,0.51,-0.03,-0.33,0.02
20250313,-1.49,-1,1.42,0.02
20250314,2.21,0.31,0.08,0.02
20250317,0.72,0.19,0.14,0.02
20250318,-1.13,-0.29,1.03,0.02
20250319,1.2,0.53,-0.41,0.02
20250320,-0.24,-0.46,0.22,0.02
20250321,0.08,-0.25,-0.71,0.02
20250324,1.93,0.76,-0.42,0.02
20250325,0.12,-0.94,0.05,0.02
20250326,-1.22,-0.48,1.52,0.02
20250327,-0.42,0.19,0.3,0.02
20250328,-2.07,-0.48,0.4,0.02
20250331,0.39,-1.08,0.37,0.02
20250401,0.4,-0.38,0.03,0.02
20250402,0.81,0.82,-0.11,0.02
20250403,-5.13,-1.63,-0.5,0.02
20250404,-5.92,2.03,-0.24,0.02
20250407,-0.23,-0.58,-0.24,0.02
20250408,-1.67,-1.37,0.97,0.02
20250409,9.65,0.36,-3.06,0.02
20250410,-3.54,-0.91,-0.14,0.02
20250411,1.76,-0.21,-1.01,0.02
20250414,0.79,0.11,0.36,0.02
20250415,-0.14,0.16,0.45,0.02
20250416,-2.22,0.78,1.33,0.02
20250417,0.22,0.28,0.74,0.02
20250421,-2.4,0.04,0.69,0.02
20250422,2.56,0.08,0.24,0.02
20250423,1.75,0.21,-0.66,0.02
20250424,2.14,0.34,-0.94,0.02
20250425,0.64,-0.08,-1.15,0.02
20250428,0.08,0.22,0.14,0.02
20250429,0.58,0.01,-0.04,0.02
20250430,0.03,-0.73,-0.6,0.02
20250501,0.59,0.34,-0.29,0.02
20250502,1.56,0.7,0.29,0.02
20250505,-0.66,0.05,-0.5,0.02
20250506,-0.81,-0.59,0.61,0.02
20250507,0.4,-0.26,-0.04,0.02
20250508,0.74,1.57,-0.07,0.02
20250509,-0.09,-0.27,0.57,0.02
20250512,3.36,0.75,-1.42,0.02
20250513,0.79,-0.02,-0.16,0.02
20250514,0.08,-0.52,-0.87,0.02
20250515,0.3,0,0.44,0.02
20250516,0.74,0.05,-0.43,0.02
20250519,0.01,-0.41,-0.07,0.02
20250520,-0.37,0.44,-0.12,0.02
20250521,-1.73,-1.01,-0.3,0.02
20250522,-0.01,0.29,-0.42,0.02
20250523,-0.67,-0.07,0.39,0.02
20250527,2.07,0.59,-0.28,0.02
20250528,-0.62,-0.31,-0.23,0.02
20250529,0.33,-0.14,0.34,0.02
20250530,-0.02,-0.4,-0.21,0.02
20250602,0.38,-0.19,-0.64,0.02
20250603,0.66,1.05,-0.29,0.02
20250604,-0.02,0.28,-1.25,0.02
20250605,-0.51,0.37,0.1,0.02
20250606,1.07,0.55,0.06,0.02
20250609,0.11,0.53,-0.06,0.02
20250610,0.5,-0.12,0.3,0.02
20250611,-0.32,-0.23,0.2,0.02
20250612,0.3,-0.73,-0.01,0.02
20250613,-1.15,-1.11,0.15,0.02
20250616,0.97,0.56,-0.36,0.02
20250617,-0.88,-0.27,-0.05,0.02
20250618,0.03,0.27,0.37,0.02
20250620,-0.22,-0.25,0.45,0.02
20250623,0.93,0.51,-0.11,0.02
20250624,1.17,0.5,-0.51,0.02
20250625,-0.07,-0.94,-0.06,0.02
20250626,0.88,0.71,0.32,0.02
20250627,0.46,-0.21,0,0.02
20250630,0.49,-0.42,-0.12,0.02
20250701,-0.1,0.93,2.34,0.02
20250702,0.56,1.19,-0.06,0.02
20250703,0.88,0.23,-0.32,0.02
20250707,-0.84,-0.71,-0.22,0.02
20250708,-0.08,1.03,0.39,0.02
20250709,0.63,0.68,-0.8,0.02
20250710,0.24,0.06,0.65,0.02
20250711,-0.44,-1.08,0.35,0.02
20250714,0.21,0.32,-0.35,0.02
20250715,-0.52,-0.98,-1.5,0.02
20250716,0.38,0.63,-0.42,0.02
20250717,0.59,0.63,0.16,0.02
20250718,-0.02,-0.82,0.29,0.02
20250721,0.05,-0.1,0.24,0.02
20250722,0.08,0.71,1.1,0.02
20250723,0.77,0.79,-0.4,0.02
20250724,-0.03,-1.29,-0.67,0.02
20250725,0.4,-0.06,-0.06,0.02
20250728,0.04,0.09,-0.39,0.02
20250729,-0.37,-0.92,0.07,0.02
20250730,-0.11,-0.59,-0.84,0.02
20250731,-0.34,-0.35,-0.77,0.02
20250801,-1.74,-0.56,-0.04,0.02
20250804,1.53,0.89,-1.04,0.02
20250805,-0.42,0.65,0.59,0.02
20250806,0.71,-0.28,-0.63,0.02
20250807,-0.14,-0.28,0.2,0.02
20250808,0.69,-0.54,0.08,0.02
20250811,-0.24,0.17,0.02,0.02
20250812,1.25,1.46,0.85,0.02
20250813,0.39,1.78,0.39,0.02
20250814,-0.09,-1.28,0.56,0.02
20250815,-0.28,0.04,-0.75,0.02
20250818,0.03,0.35,0.02,0.02
20250819,-0.7,-0.62,1.59,0.02
20250820,-0.28,-0.26,0.18,0.02
20250821,-0.38,0.4,-0.15,0.02
20250822,1.7,2.04,1.17,0.02
20250825,-0.48,-0.63,0.45,0.02
20250826,0.43,0.25,0.13,0.02
20250827,0.24,0.4,0.27,0.02
20250828,0.35,-0.15,-0.52,0.02
20250829,-0.68,0.02,0.85,0.02
